2012-01-27,0,4000.00,4000.00,382.00
2012-01-30,1,3618.00,3983.00,365.00
2012-01-31,2,3253.00,4001.00,374.00
2012-02-01,3,2879.00,4043.00,388.00
2012-02-02,4,2491.00,4135.00,411.00
2012-02-03,5,2080.00,4112.50,406.50
2012-02-06,6,1673.50,4103.50,405.00
2012-02-07,7,1268.50,4114.00,406.50
2012-02-08,8,862.00,4222.00,420.00
2012-02-09,9,442.00,4348.00,434.00
2012-02-10,10,8.00,4193.00,418.50
2012-02-13,10,8.00,4148.00,414.00
2012-02-14,10,8.00,4173.00,416.50
2012-02-15,10,8.00,4188.00,418.00
2012-02-16,10,8.00,4043.00,403.50
2012-02-17,10,8.00,4123.00,411.50
2012-02-20,10,8.00,4218.00,421.00
2012-02-21,10,8.00,4218.00,421.00
2012-02-22,10,8.00,4103.00,409.50
2012-02-23,10,8.00,4068.00,406.00
2012-02-24,10,8.00,4063.00,405.50
2012-02-27,10,8.00,3898.00,389.00
2012-02-28,10,8.00,3958.00,395.00
2012-02-29,10,8.00,3993.00,398.50
2012-03-02,10,8.00,4048.00,404.00
2012-03-05,10,8.00,3853.00,384.50
2012-03-06,10,8.00,3828.00,382.00
2012-03-07,10,8.00,3713.00,370.50
2012-03-08,10,8.00,3813.00,380.50
2012-03-09,10,8.00,3813.00,380.50
2012-03-12,10,8.00,3678.00,367.00
2012-03-13,10,8.00,3783.00,377.50
2012-03-14,10,8.00,3783.00,377.50
2012-03-15,10,8.00,3698.00,369.00
2012-03-16,10,8.00,3738.00,373.00
2012-03-19,10,8.00,3738.00,373.00
2012-03-20,10,8.00,3743.00,373.50
2012-03-21,10,8.00,3688.00,368.00
2012-03-22,10,8.00,3598.00,359.00
2012-03-23,10,8.00,3683.00,367.50
2012-03-26,10,8.00,3493.00,348.50
2012-03-27,10,8.00,3588.00,358.00
2012-03-28,10,8.00,3608.00,360.00
2012-03-29,10,8.00,3628.00,362.00
2012-03-30,10,8.00,3708.00,370.00
2012-04-02,10,8.00,3673.00,366.50
2012-04-03,10,8.00,3698.00,369.00
2012-04-04,10,8.00,3603.00,359.50
2012-04-05,10,8.00,3513.00,350.50
2012-04-06,10,8.00,3603.00,359.50
2012-04-09,10,8.00,3523.00,351.50
2012-04-10,10,8.00,3568.00,356.00
2012-04-12,10,8.00,3693.00,368.50
2012-04-13,10,8.00,3703.00,369.50
2012-04-16,10,8.00,3628.00,362.00
2012-04-17,10,8.00,3568.00,356.00
2012-04-18,10,8.00,3478.00,347.00
2012-04-19,10,8.00,3483.00,347.50
2012-04-20,10,8.00,3163.00,315.50
2012-04-23,10,8.00,3138.00,313.00
2012-04-24,10,8.00,3058.00,305.00
2012-04-25,10,8.00,3048.00,304.00
2012-04-26,10,8.00,3063.00,305.50
2012-04-27,10,8.00,2988.00,298.00
2012-04-30,10,8.00,2853.00,284.50
2012-05-02,10,8.00,2943.00,293.50
2012-05-03,10,8.00,3023.00,301.50
2012-05-04,10,8.00,3048.00,304.00
2012-05-07,10,8.00,2948.00,294.00
2012-05-08,10,8.00,2988.00,298.00
2012-05-09,10,8.00,2873.00,286.50
2012-05-10,10,8.00,2888.00,288.00
2012-05-11,10,8.00,2788.00,278.00
2012-05-14,10,8.00,2753.00,274.50
2012-05-15,10,8.00,2698.00,269.00
2012-05-16,10,8.00,2678.00,267.00
2012-05-17,10,8.00,2828.00,282.00
2012-05-18,10,8.00,2793.00,278.50
2012-05-21,10,8.00,2813.00,280.50
2012-05-22,10,8.00,2838.00,283.00
2012-05-23,10,8.00,2758.00,275.00
2012-05-24,10,8.00,2798.00,279.00
2012-05-25,10,8.00,2933.00,292.50
2012-05-29,10,8.00,2998.00,299.00
2012-05-30,10,8.00,2988.00,298.00
2012-05-31,10,8.00,2918.00,291.00
2012-06-01,10,8.00,2828.00,282.00
2012-06-04,10,8.00,2663.00,265.50
2012-06-05,10,8.00,2678.00,267.00
2012-06-07,10,8.00,2733.00,272.50
2012-06-08,10,8.00,2708.00,270.00
2012-06-11,10,8.00,2888.00,288.00
2012-06-12,10,8.00,2878.00,287.00
2012-06-13,10,8.00,2828.00,282.00
2012-06-14,10,8.00,2893.00,288.50
2012-06-15,10,8.00,2918.00,291.00
2012-06-18,10,8.00,2968.00,296.00
2012-06-19,10,8.00,2923.00,291.50
2012-06-20,10,8.00,2948.00,294.00
2012-06-21,10,8.00,2893.00,288.50
2012-06-22,10,8.00,2793.00,278.50
2012-06-25,10,8.00,2823.00,281.50
2012-06-26,10,8.00,2893.00,288.50
2012-06-27,10,8.00,2903.00,289.50
2012-06-28,10,8.00,2908.00,290.00
2012-06-29,10,8.00,2928.00,292.00
2012-07-02,10,8.00,2918.00,291.00
2012-07-03,10,8.00,3063.00,305.50
2012-07-04,10,8.00,3033.00,302.50
2012-07-05,10,8.00,3143.00,313.50
2012-07-06,10,8.00,3143.00,313.50
2012-07-09,10,8.00,3078.00,307.00
2012-07-10,10,8.00,3018.00,301.00
2012-07-11,10,8.00,3053.00,304.50
2012-07-12,10,8.00,2948.00,294.00
2012-07-13,10,8.00,2978.00,297.00
2012-07-16,10,8.00,3028.00,302.00
2012-07-17,10,8.00,3108.00,310.00
2012-07-18,10,8.00,3063.00,305.50
2012-07-19,10,8.00,3093.00,308.50
2012-07-20,10,8.00,3158.00,315.00
2012-07-23,10,8.00,3028.00,302.00
2012-07-24,10,8.00,2993.00,298.50
2012-07-25,10,8.00,2933.00,292.50
2012-07-26,10,8.00,3038.00,303.00
2012-07-27,10,8.00,3103.00,309.50
2012-07-30,10,8.00,3078.00,307.00
2012-07-31,10,8.00,3148.00,314.00
2012-08-01,10,8.00,3108.00,310.00
2012-08-02,10,8.00,3118.00,311.00
2012-08-03,10,8.00,3068.00,306.00
2012-08-06,10,8.00,3178.00,317.00
2012-08-07,10,8.00,3173.00,316.50
2012-08-08,10,8.00,3218.00,321.00
2012-08-09,10,8.00,3283.00,327.50
2012-08-10,10,8.00,3253.00,324.50
2012-08-13,10,8.00,3153.00,314.50
2012-08-14,10,8.00,3203.00,319.50
2012-08-16,10,8.00,3243.00,323.50
2012-08-17,10,8.00,3288.00,328.00
2012-08-20,10,8.00,3243.00,323.50
2012-08-21,10,8.00,3203.00,319.50
2012-08-22,10,8.00,3198.00,319.00
2012-08-23,10,8.00,3108.00,310.00
2012-08-24,10,8.00,3133.00,312.50
2012-08-27,10,8.00,3158.00,315.00
2012-08-28,10,8.00,3123.00,311.50
2012-08-29,10,8.00,3073.00,306.50
2012-08-30,10,8.00,3013.00,300.50
2012-08-31,10,8.00,3018.00,301.00
2012-09-03,10,8.00,3058.00,305.00
2012-09-04,10,8.00,3063.00,305.50
2012-09-05,10,8.00,2988.00,298.00
2012-09-06,10,8.00,2993.00,298.50
2012-09-07,10,8.00,3138.00,313.00
2012-09-10,10,8.00,3118.00,311.00
2012-09-11,10,8.00,3093.00,308.50
2012-09-12,10,8.00,3138.00,313.00
2012-09-13,10,8.00,3143.00,313.50
2012-09-14,10,8.00,3268.00,326.00
2012-09-17,10,8.00,3328.00,332.00
2012-09-18,10,8.00,3363.00,335.50
2012-09-19,10,8.00,3378.00,337.00
2012-09-20,10,8.00,3278.00,327.00
2012-09-21,10,8.00,3303.00,329.50
2012-09-24,10,8.00,3278.00,327.00
2012-09-25,10,8.00,3283.00,327.50
2012-09-26,10,8.00,3258.00,325.00
2012-09-27,10,8.00,3308.00,330.00
2012-09-28,10,8.00,3323.00,331.50
2012-10-02,10,8.00,3368.00,336.00
2012-10-04,10,8.00,3348.00,334.00
2012-10-05,10,8.00,3348.00,334.00
2012-10-08,10,8.00,3298.00,329.00
2012-10-09,10,8.00,3183.00,317.50
2012-10-10,10,8.00,3128.00,312.00
2012-10-11,10,8.00,3138.00,313.00
2012-10-12,10,8.00,3148.00,314.00
2012-10-15,10,8.00,3148.00,314.00
2012-10-16,10,8.00,3173.00,316.50
2012-10-17,10,8.00,3248.00,324.00
2012-10-18,10,8.00,3303.00,329.50
2012-10-19,10,8.00,3333.00,332.50
2012-10-22,10,8.00,3238.00,323.00
2012-10-23,10,8.00,3118.00,311.00
2012-10-24,10,8.00,3058.00,305.00
2012-10-25,10,8.00,3003.00,299.50
2012-10-26,10,8.00,2893.00,288.50
2012-10-29,10,8.00,2913.00,290.50
2012-10-30,10,8.00,2948.00,294.00
2012-10-31,10,8.00,3068.00,306.00
2012-11-01,10,8.00,3068.00,306.00
2012-11-02,10,8.00,3153.00,314.50
2012-11-05,10,8.00,3113.00,310.50
2012-11-06,10,8.00,3163.00,315.50
2012-11-07,10,8.00,3168.00,316.00
2012-11-08,10,8.00,3063.00,305.50
2012-11-09,10,8.00,3083.00,307.50
2012-11-12,10,8.00,3063.00,305.50
2012-11-13,10,8.00,3028.00,302.00
2012-11-14,10,8.00,2968.00,296.00
2012-11-15,10,8.00,2968.00,296.00
2012-11-16,10,8.00,2958.00,295.00
2012-11-19,10,8.00,2978.00,297.00
2012-11-20,10,8.00,3008.00,300.00
2012-11-21,10,8.00,2973.00,296.50
2012-11-22,10,8.00,2973.00,296.50
2012-11-23,10,8.00,3018.00,301.00
2012-11-26,10,8.00,3068.00,306.00
2012-11-27,10,8.00,3098.00,309.00
2012-11-28,10,8.00,3073.00,306.50
2012-11-29,10,8.00,3148.00,314.00
2012-11-30,10,8.00,3128.00,312.00
2012-12-03,10,8.00,3148.00,314.00
2012-12-04,10,8.00,3113.00,310.50
2012-12-05,10,8.00,3148.00,314.00
2012-12-06,10,8.00,3203.00,319.50
2012-12-07,10,8.00,3208.00,320.00
2012-12-10,10,8.00,3188.00,318.00
2012-12-11,10,8.00,3278.00,327.00
2012-12-12,10,8.00,3298.00,329.00
2012-12-13,10,8.00,3308.00,330.00
2012-12-14,10,8.00,3288.00,328.00
2012-12-17,10,8.00,3253.00,324.50
2012-12-18,10,8.00,3333.00,332.50
2012-12-20,10,8.00,3398.00,339.00
2012-12-21,10,8.00,3383.00,337.50
2012-12-24,10,8.00,3348.00,334.00
2012-12-26,10,8.00,3328.00,332.00
2012-12-27,10,8.00,3298.00,329.00
2012-12-28,10,8.00,3308.00,330.00
2013-01-02,10,8.00,3408.00,340.00
2013-01-03,10,8.00,3433.00,342.50
2013-01-04,10,8.00,3318.00,331.00
2013-01-07,10,8.00,3263.00,325.50
2013-01-08,10,8.00,3263.00,325.50
2013-01-09,10,8.00,3248.00,324.00
2013-01-10,10,8.00,3283.00,327.50
2013-01-11,10,8.00,3248.00,324.00
2013-01-14,10,8.00,3193.00,318.50
2013-01-15,10,8.00,3168.00,316.00
2013-01-16,10,8.00,3143.00,313.50
2013-01-17,10,8.00,3193.00,318.50
2013-01-18,10,8.00,3183.00,317.50
2013-01-21,10,8.00,3168.00,316.00
2013-01-22,10,8.00,3133.00,312.50
2013-01-23,10,8.00,3128.00,312.00
2013-01-24,10,8.00,3113.00,310.50
2013-01-25,10,8.00,3098.00,309.00
2013-01-28,10,8.00,3098.00,309.00
2013-01-29,10,8.00,3138.00,313.00
2013-01-30,10,8.00,3028.00,302.00
2013-01-31,10,8.00,3053.00,304.50
2013-02-01,10,8.00,3033.00,302.50
2013-02-04,10,8.00,3033.00,302.50
2013-02-05,10,8.00,2988.00,298.00
2013-02-06,10,8.00,2933.00,292.50
2013-02-07,10,8.00,2933.00,292.50
2013-02-08,10,8.00,2963.00,295.50
2013-02-12,10,8.00,2973.00,296.50
2013-02-13,10,8.00,3028.00,302.00
2013-02-14,10,8.00,3033.00,302.50
2013-02-15,10,8.00,3048.00,304.00
2013-02-18,10,8.00,3068.00,306.00
2013-02-19,10,8.00,3023.00,301.50
2013-02-20,10,8.00,3068.00,306.00
2013-02-21,10,8.00,3043.00,303.50
2013-02-22,10,8.00,3013.00,300.50
2013-02-25,10,8.00,3003.00,299.50
2013-02-26,10,8.00,2998.00,299.00
2013-02-27,10,8.00,2953.00,294.50
2013-02-28,10,8.00,2973.00,296.50
2013-03-04,10,8.00,2883.00,287.50
2013-03-05,10,8.00,2868.00,286.00
2013-03-06,10,8.00,2888.00,288.00
2013-03-07,10,8.00,2868.00,286.00
2013-03-08,10,8.00,2873.00,286.50
2013-03-11,10,8.00,2838.00,283.00
2013-03-12,10,8.00,2818.00,281.00
2013-03-13,10,8.00,2808.00,280.00
2013-03-14,10,8.00,2783.00,277.50
2013-03-15,10,8.00,2738.00,273.00
2013-03-18,10,8.00,2693.00,268.50
2013-03-19,10,8.00,2678.00,267.00
2013-03-20,10,8.00,2708.00,270.00
2013-03-21,10,8.00,2763.00,275.50
2013-03-22,10,8.00,2728.00,272.00
2013-03-25,10,8.00,2733.00,272.50
2013-03-26,10,8.00,2708.00,270.00
2013-03-27,10,8.00,2708.00,270.00
2013-03-28,10,8.00,2658.00,265.00
2013-03-29,10,8.00,2688.00,268.00
2013-04-01,10,8.00,2683.00,267.50
2013-04-02,10,8.00,2603.00,259.50
2013-04-03,10,8.00,2518.00,251.00
2013-04-04,10,8.00,2463.00,245.50
2013-04-05,10,8.00,2398.00,239.00
2013-04-08,10,8.00,2448.00,244.00
2013-04-09,10,8.00,2463.00,245.50
2013-04-10,10,8.00,2543.00,253.50
2013-04-11,10,8.00,2553.00,254.50
2013-04-12,10,8.00,2443.00,243.50
2013-04-15,10,8.00,2428.00,242.00
2013-04-16,10,8.00,2403.00,239.50
2013-04-17,10,8.00,2438.00,243.00
2013-04-18,10,8.00,2463.00,245.50
2013-04-19,10,8.00,2518.00,251.00
2013-04-22,10,8.00,2553.00,254.50
2013-04-23,10,8.00,2508.00,250.00
2013-04-24,10,8.00,2543.00,253.50
2013-04-25,10,8.00,2583.00,257.50
2013-04-26,10,8.00,2548.00,254.00
2013-04-29,10,8.00,2513.00,250.50
2013-04-30,10,8.00,2608.00,260.00
2013-05-02,10,8.00,2568.00,256.00
2013-05-03,10,8.00,2578.00,257.00
2013-05-06,10,8.00,2623.00,261.50
2013-05-07,10,8.00,2623.00,261.50
2013-05-08,10,8.00,2633.00,262.50
2013-05-09,10,8.00,2693.00,268.50
2013-05-10,10,8.00,2673.00,266.50
2013-05-13,10,8.00,2673.00,266.50
2013-05-14,10,8.00,2723.00,271.50
2013-05-15,10,8.00,2738.00,273.00
2013-05-16,10,8.00,2758.00,275.00
2013-05-20,10,8.00,2788.00,278.00
2013-05-21,10,8.00,2778.00,277.00
2013-05-22,10,8.00,2763.00,275.50
2013-05-23,10,8.00,2663.00,265.50
2013-05-24,10,8.00,2603.00,259.50
2013-05-27,10,8.00,2568.00,256.00
2013-05-28,10,8.00,2598.00,259.00
2013-05-29,10,8.00,2598.00,259.00
2013-05-30,10,8.00,2633.00,262.50
2013-05-31,10,8.00,2743.00,273.50
2013-06-03,10,8.00,2758.00,275.00
2013-06-04,10,8.00,2728.00,272.00
2013-06-05,10,8.00,2698.00,269.00
2013-06-07,10,8.00,2658.00,265.00
2013-06-10,10,8.00,2658.00,265.00
2013-06-11,10,8.00,2603.00,259.50
2013-06-12,10,8.00,2583.00,257.50
2013-06-13,10,8.00,2568.00,256.00
2013-06-14,10,8.00,2598.00,259.00
2013-06-17,10,8.00,2598.00,259.00
2013-06-18,10,8.00,2603.00,259.50
2013-06-19,10,8.00,2548.00,254.00
2013-06-20,10,8.00,2463.00,245.50
2013-06-21,10,8.00,2378.00,237.00
2013-06-24,10,8.00,2348.00,234.00
2013-06-25,10,8.00,2343.00,233.50
2013-06-26,10,8.00,2353.00,234.50
2013-06-27,10,8.00,2433.00,242.50
2013-06-28,10,8.00,2538.00,253.00
2013-07-01,10,8.00,2533.00,252.50
2013-07-02,10,8.00,2538.00,253.00
2013-07-03,10,8.00,2508.00,250.00
2013-07-04,10,8.00,2558.00,255.00
2013-07-05,10,8.00,2578.00,257.00
2013-07-08,10,8.00,2558.00,255.00
2013-07-09,10,8.00,2583.00,257.50
2013-07-10,10,8.00,2548.00,254.00
2013-07-11,10,8.00,2653.00,264.50
2013-07-12,10,8.00,2663.00,265.50
2013-07-15,10,8.00,2748.00,274.00
2013-07-16,10,8.00,2738.00,273.00
2013-07-17,10,8.00,2738.00,273.00
2013-07-18,10,8.00,2708.00,270.00
2013-07-19,10,8.00,2703.00,269.50
2013-07-22,10,8.00,2763.00,275.50
2013-07-23,10,8.00,2798.00,279.00
2013-07-24,10,8.00,2828.00,282.00
2013-07-25,10,8.00,2838.00,283.00
2013-07-26,10,8.00,2878.00,287.00
2013-07-29,10,8.00,2903.00,289.50
2013-07-30,10,8.00,2893.00,288.50
2013-07-31,10,8.00,2828.00,282.00
2013-08-01,10,8.00,2888.00,288.00
2013-08-02,10,8.00,2893.00,288.50
2013-08-05,10,8.00,2898.00,289.00
2013-08-06,10,8.00,2883.00,287.50
2013-08-07,10,8.00,2843.00,283.50
2013-08-08,10,8.00,2883.00,287.50
2013-08-09,10,8.00,2868.00,286.00
2013-08-12,10,8.00,2883.00,287.50
2013-08-13,10,8.00,2898.00,289.00
2013-08-14,10,8.00,2948.00,294.00
2013-08-16,10,8.00,2903.00,289.50
2013-08-19,10,8.00,2888.00,288.00
2013-08-20,10,8.00,2783.00,277.50
2013-08-21,10,8.00,2723.00,271.50
2013-08-22,10,8.00,2718.00,271.00
2013-08-23,10,8.00,2763.00,275.50
2013-08-26,10,8.00,2853.00,284.50
2013-08-27,10,8.00,2838.00,283.00
2013-08-28,10,8.00,2828.00,282.00
2013-08-29,10,8.00,2878.00,287.00
2013-08-30,10,8.00,2883.00,287.50
2013-09-02,10,8.00,2888.00,288.00
2013-09-03,10,8.00,2928.00,292.00
2013-09-04,10,8.00,2953.00,294.50
2013-09-05,10,8.00,2998.00,299.00
2013-09-06,10,8.00,3048.00,304.00
2013-09-09,10,8.00,3083.00,307.50
2013-09-10,10,8.00,3098.00,309.00
2013-09-11,10,8.00,3098.00,309.00
2013-09-12,10,8.00,3088.00,308.00
2013-09-13,10,8.00,3028.00,302.00
2013-09-16,10,8.00,3123.00,311.50
2013-09-17,10,8.00,3148.00,314.00
2013-09-23,10,8.00,3183.00,317.50
2013-09-24,10,8.00,3158.00,315.00
2013-09-25,10,8.00,3143.00,313.50
2013-09-26,10,8.00,3163.00,315.50
2013-09-27,10,8.00,3198.00,319.00
2013-09-30,10,8.00,3083.00,307.50
2013-10-01,10,8.00,3043.00,303.50
2013-10-02,10,8.00,3043.00,303.50
2013-10-04,10,8.00,3003.00,299.50
2013-10-07,10,8.00,2958.00,295.00
2013-10-08,10,8.00,3073.00,306.50
2013-10-10,10,8.00,3053.00,304.50
2013-10-11,10,8.00,3123.00,311.50
2013-10-14,10,8.00,3168.00,316.00
2013-10-15,10,8.00,3238.00,323.00
2013-10-16,10,8.00,3188.00,318.00
2013-10-17,10,8.00,3208.00,320.00
2013-10-18,10,8.00,3233.00,322.50
2013-10-21,10,8.00,3123.00,311.50
2013-10-22,10,8.00,3073.00,306.50
2013-10-23,10,8.00,3038.00,303.00
2013-10-24,10,8.00,3093.00,308.50
2013-10-25,10,8.00,3003.00,299.50
2013-10-28,10,8.00,2998.00,299.00
2013-10-29,10,8.00,3038.00,303.00
2013-10-30,10,8.00,3048.00,304.00
2013-10-31,10,8.00,3003.00,299.50
2013-11-01,10,8.00,2958.00,295.00
2013-11-04,10,8.00,2908.00,290.00
2013-11-05,10,8.00,2853.00,284.50
2013-11-06,10,8.00,2848.00,284.00
2013-11-07,10,8.00,2838.00,283.00
2013-11-08,10,8.00,2848.00,284.00
2013-11-11,10,8.00,2848.00,284.00
2013-11-12,10,8.00,2858.00,285.00
2013-11-13,10,8.00,2788.00,278.00
2013-11-14,10,8.00,2768.00,276.00
2013-11-15,10,8.00,2873.00,286.50
2013-11-18,10,8.00,2898.00,289.00
2013-11-19,10,8.00,2988.00,298.00
2013-11-20,10,8.00,2953.00,294.50
2013-11-21,10,8.00,2878.00,287.00
2013-11-22,10,8.00,2923.00,291.50
2013-11-25,10,8.00,2913.00,290.50
2013-11-26,10,8.00,2883.00,287.50
2013-11-27,10,8.00,2868.00,286.00
2013-11-28,10,8.00,2888.00,288.00
2013-11-29,10,8.00,2913.00,290.50
2013-12-02,10,8.00,2893.00,288.50
2013-12-03,10,8.00,2868.00,286.00
2013-12-04,10,8.00,2838.00,283.00
2013-12-05,10,8.00,2908.00,290.00
2013-12-06,10,8.00,2923.00,291.50
2013-12-09,10,8.00,2968.00,296.00
2013-12-10,10,8.00,2928.00,292.00
2013-12-11,10,8.00,2868.00,286.00
2013-12-12,10,8.00,2858.00,285.00
2013-12-13,10,8.00,2828.00,282.00
2013-12-16,10,8.00,2808.00,280.00
2013-12-17,10,8.00,2883.00,287.50
2013-12-18,10,8.00,2933.00,292.50
2013-12-19,10,8.00,2918.00,291.00
2013-12-20,10,8.00,2948.00,294.00
2013-12-23,10,8.00,2918.00,291.00
2013-12-24,10,8.00,2953.00,294.50
2013-12-26,10,8.00,2968.00,296.00
2013-12-27,10,8.00,2963.00,295.50
2013-12-30,10,8.00,3003.00,299.50
2014-01-02,10,8.00,2928.00,292.00
2014-01-03,10,8.00,2868.00,286.00
2014-01-06,10,8.00,2853.00,284.50
2014-01-07,10,8.00,2783.00,277.50
2014-01-08,10,8.00,2758.00,275.00
2014-01-09,10,8.00,2693.00,268.50
2014-01-10,10,8.00,2678.00,267.00
2014-01-13,10,8.00,2708.00,270.00
2014-01-14,10,8.00,2683.00,267.50
2014-01-15,10,8.00,2698.00,269.00
2014-01-16,10,8.00,2713.00,270.50
2014-01-17,10,8.00,2708.00,270.00
2014-01-20,10,8.00,2698.00,269.00
2014-01-21,10,8.00,2738.00,273.00
2014-01-22,10,8.00,2768.00,276.00
2014-01-23,10,8.00,2728.00,272.00
2014-01-24,10,8.00,2693.00,268.50
2014-01-27,10,8.00,2628.00,262.00
2014-01-28,10,8.00,2608.00,260.00
2014-01-29,10,8.00,2608.00,260.00
2014-02-03,10,8.00,2548.00,254.00
2014-02-04,9,262.00,2507.50,249.50
2014-02-05,8,511.50,2511.50,250.00
2014-02-06,7,761.50,2501.00,248.50
2014-02-07,6,1010.00,2507.00,249.50
2014-02-10,5,1259.50,2522.00,252.50
2014-02-11,4,1512.00,2528.00,254.00
2014-02-12,3,1766.00,2537.00,257.00
2014-02-13,2,2023.00,2532.00,254.50
2014-02-14,1,2277.50,2533.50,256.00
2014-02-17,0,2533.50,2533.50,256.50
2014-02-18,0,2533.50,2533.50,254.00
2014-02-19,0,2533.50,2533.50,253.00
2014-02-20,0,2533.50,2533.50,249.50
2014-02-21,0,2533.50,2533.50,251.00
2014-02-24,0,2533.50,2533.50,249.00
2014-02-25,0,2533.50,2533.50,257.00
2014-02-26,0,2533.50,2533.50,259.00
2014-02-27,0,2533.50,2533.50,257.50
2014-02-28,0,2533.50,2533.50,254.50
2014-03-03,0,2533.50,2533.50,252.50
2014-03-04,0,2533.50,2533.50,250.00
2014-03-05,0,2533.50,2533.50,249.50
2014-03-06,0,2533.50,2533.50,251.50
2014-03-07,0,2533.50,2533.50,251.00
2014-03-10,0,2533.50,2533.50,246.00
2014-03-11,0,2533.50,2533.50,244.00
2014-03-12,0,2533.50,2533.50,241.00
2014-03-13,0,2533.50,2533.50,241.00
2014-03-14,0,2533.50,2533.50,239.50
2014-03-17,0,2533.50,2533.50,241.50
2014-03-18,0,2533.50,2533.50,244.50
2014-03-19,1,2289.00,2532.50,243.50
2014-03-20,2,2045.50,2522.50,238.50
2014-03-21,3,1807.00,2525.50,239.50
2014-03-24,4,1567.50,2559.50,248.00
2014-03-25,5,1319.50,2589.50,254.00
2014-03-26,6,1065.50,2589.50,254.00
2014-03-27,7,811.50,2586.00,253.50
2014-03-28,8,558.00,2574.00,252.00
2014-03-31,9,306.00,2592.00,254.00
2014-04-01,10,52.00,2687.00,263.50
2014-04-02,10,52.00,2697.00,264.50
2014-04-03,10,52.00,2672.00,262.00
2014-04-04,10,52.00,2677.00,262.50
2014-04-07,10,52.00,2747.00,269.50
2014-04-08,10,52.00,2772.00,272.00
2014-04-09,10,52.00,2762.00,271.00
2014-04-10,10,52.00,2752.00,270.00
2014-04-11,10,52.00,2722.00,267.00
2014-04-14,10,52.00,2662.00,261.00
2014-04-15,10,52.00,2662.00,261.00
2014-04-16,10,52.00,2667.00,261.50
2014-04-17,10,52.00,2677.00,262.50
2014-04-18,10,52.00,2732.00,268.00
2014-04-21,10,52.00,2792.00,274.00
2014-04-22,10,52.00,2797.00,274.50
2014-04-23,10,52.00,2807.00,275.50
2014-04-24,10,52.00,2752.00,270.00
2014-04-25,10,52.00,2727.00,267.50
2014-04-28,10,52.00,2682.00,263.00
2014-04-29,10,52.00,2672.00,262.00
2014-04-30,10,52.00,2682.00,263.00
2014-05-02,10,52.00,2692.00,264.00
2014-05-07,10,52.00,2622.00,257.00
2014-05-08,10,52.00,2612.00,256.00
2014-05-09,10,52.00,2602.00,255.00
2014-05-12,10,52.00,2567.00,251.50
2014-05-13,10,52.00,2622.00,257.00
2014-05-14,10,52.00,2637.00,258.50
2014-05-15,10,52.00,2642.00,259.00
2014-05-16,10,52.00,2662.00,261.00
2014-05-19,10,52.00,2667.00,261.50
2014-05-20,10,52.00,2662.00,261.00
2014-05-21,10,52.00,2662.00,261.00
2014-05-22,10,52.00,2722.00,267.00
2014-05-23,10,52.00,2727.00,267.50
2014-05-26,10,52.00,2707.00,265.50
2014-05-27,10,52.00,2692.00,264.00
2014-05-28,10,52.00,2687.00,263.50
2014-05-29,10,52.00,2667.00,261.50
2014-05-30,10,52.00,2652.00,260.00
2014-06-02,10,52.00,2707.00,265.50
2014-06-03,10,52.00,2727.00,267.50
2014-06-05,10,52.00,2692.00,264.00
2014-06-09,10,52.00,2767.00,271.50
2014-06-10,10,52.00,2787.00,273.50
2014-06-11,10,52.00,2807.00,275.50
2014-06-12,10,52.00,2802.00,275.00
2014-06-13,10,52.00,2812.00,276.00
2014-06-16,10,52.00,2922.00,287.00
2014-06-17,10,52.00,2922.00,287.00
2014-06-18,10,52.00,2927.00,287.50
2014-06-19,10,52.00,2952.00,290.00
2014-06-20,9,342.00,2875.50,281.50
2014-06-23,8,623.50,2911.50,286.00
2014-06-24,7,909.50,2929.00,288.50
2014-06-25,6,1198.00,2941.00,290.50
2014-06-26,5,1488.50,2948.50,292.00
2014-06-27,4,1780.50,2954.50,293.50
2014-06-30,3,2074.00,2962.00,296.00
2014-07-01,2,2370.00,2958.00,294.00
2014-07-02,1,2664.00,2959.00,295.00
2014-07-03,0,2959.00,2959.00,289.50
2014-07-04,0,2959.00,2959.00,290.50
2014-07-07,0,2959.00,2959.00,291.50
2014-07-08,0,2959.00,2959.00,283.00
2014-07-09,0,2959.00,2959.00,284.00
2014-07-10,0,2959.00,2959.00,287.50
2014-07-11,0,2959.00,2959.00,284.00
2014-07-14,0,2959.00,2959.00,278.50
2014-07-15,0,2959.00,2959.00,287.00
2014-07-16,0,2959.00,2959.00,293.00
2014-07-17,0,2959.00,2959.00,297.00
2014-07-18,0,2959.00,2959.00,297.00
2014-07-21,0,2959.00,2959.00,284.50
2014-07-22,0,2959.00,2959.00,286.50
2014-07-23,0,2959.00,2959.00,288.50
2014-07-24,0,2959.00,2959.00,286.00
2014-07-25,0,2959.00,2959.00,284.50
2014-07-28,0,2959.00,2959.00,286.00
2014-07-29,0,2959.00,2959.00,291.00
2014-07-30,0,2959.00,2959.00,289.50
2014-07-31,0,2959.00,2959.00,291.00
2014-08-01,0,2959.00,2959.00,290.00
2014-08-04,1,2669.00,2959.50,290.50
2014-08-05,2,2378.50,2946.50,284.00
2014-08-06,3,2094.50,2942.00,282.50
2014-08-07,4,1812.00,2942.00,282.50
2014-08-08,5,1529.50,2899.50,274.00
2014-08-11,6,1255.50,2884.50,271.50
2014-08-12,7,984.00,2881.00,271.00
2014-08-13,8,713.00,2889.00,272.00
2014-08-14,9,441.00,2889.00,272.00
2014-08-18,10,169.00,2839.00,267.00
2014-08-19,10,169.00,2894.00,272.50
2014-08-20,10,169.00,2939.00,277.00
2014-08-21,10,169.00,2929.00,276.00
2014-08-22,10,169.00,2919.00,275.00
2014-08-25,10,169.00,2924.00,275.50
2014-08-26,10,169.00,2919.00,275.00
2014-08-27,10,169.00,2919.00,275.00
2014-08-28,10,169.00,2909.00,274.00
2014-08-29,10,169.00,2864.00,269.50
2014-09-01,10,169.00,2869.00,270.00
2014-09-02,10,169.00,2794.00,262.50
2014-09-03,10,169.00,2779.00,261.00
2014-09-04,10,169.00,2794.00,262.50
2014-09-05,10,169.00,2794.00,262.50
2014-09-11,10,169.00,2794.00,262.50
2014-09-12,10,169.00,2829.00,266.00
2014-09-15,10,169.00,2844.00,267.50
2014-09-16,10,169.00,2834.00,266.50
2014-09-17,10,169.00,2909.00,274.00
2014-09-18,10,169.00,2919.00,275.00
2014-09-19,10,169.00,2939.00,277.00
2014-09-22,10,169.00,2919.00,275.00
2014-09-23,10,169.00,2899.00,273.00
2014-09-24,10,169.00,2894.00,272.50
2014-09-25,10,169.00,2894.00,272.50
2014-09-26,10,169.00,2849.00,268.00
2014-09-29,10,169.00,2719.00,255.00
2014-09-30,10,169.00,2724.00,255.50
2014-10-01,10,169.00,2659.00,249.00
2014-10-02,10,169.00,2579.00,241.00
2014-10-06,10,169.00,2594.00,242.50
2014-10-07,10,169.00,2589.00,242.00
2014-10-08,10,169.00,2539.00,237.00
2014-10-10,10,169.00,2469.00,230.00
2014-10-13,10,169.00,2429.00,226.00
2014-10-14,10,169.00,2434.00,226.50
2014-10-15,10,169.00,2409.00,224.00
2014-10-16,10,169.00,2399.00,223.00
2014-10-17,10,169.00,2414.00,224.50
2014-10-20,10,169.00,2429.00,226.00
2014-10-21,10,169.00,2109.00,194.00
2014-10-22,10,169.00,2109.00,194.00
2014-10-23,10,169.00,2004.00,183.50
2014-10-24,10,169.00,2004.00,183.50
2014-10-27,10,169.00,2069.00,190.00
2014-10-28,10,169.00,2079.00,191.00
2014-10-29,10,169.00,2184.00,201.50
2014-10-30,10,169.00,2164.00,199.50
2014-10-31,10,169.00,2169.00,200.00
2014-11-03,10,169.00,2069.00,190.00
2014-11-04,10,169.00,1959.00,179.00
2014-11-05,10,169.00,1909.00,174.00
2014-11-06,9,343.00,2003.50,184.50
2014-11-07,8,527.50,2035.50,188.50
2014-11-10,7,716.00,2063.50,192.50
2014-11-11,6,908.50,2048.50,190.00
2014-11-12,5,1098.50,2108.50,202.00
2014-11-13,4,1300.50,2114.50,203.50
2014-11-14,3,1504.00,2111.50,202.50
2014-11-17,2,1706.50,2121.50,207.50
2014-11-18,1,1914.00,2122.50,208.50
2014-11-19,0,2122.50,2122.50,203.00
2014-11-20,0,2122.50,2122.50,204.00
2014-11-21,0,2122.50,2122.50,208.00
2014-11-24,0,2122.50,2122.50,219.00
2014-11-25,0,2122.50,2122.50,214.50
2014-11-26,0,2122.50,2122.50,214.00
2014-11-27,0,2122.50,2122.50,209.50
2014-11-28,0,2122.50,2122.50,206.50
2014-12-01,0,2122.50,2122.50,195.50
2014-12-02,0,2122.50,2122.50,194.50
2014-12-03,0,2122.50,2122.50,196.00
2014-12-04,0,2122.50,2122.50,198.00
2014-12-05,0,2122.50,2122.50,198.50
2014-12-08,0,2122.50,2122.50,201.00
2014-12-09,0,2122.50,2122.50,198.00
2014-12-10,0,2122.50,2122.50,188.50
2014-12-11,0,2122.50,2122.50,186.50
2014-12-12,0,2122.50,2122.50,184.00
2014-12-15,0,2122.50,2122.50,190.00
2014-12-16,0,2122.50,2122.50,189.50
2014-12-17,0,2122.50,2122.50,191.50
2014-12-18,0,2122.50,2122.50,193.00
2014-12-19,1,1929.50,2120.00,190.50
2014-12-22,2,1739.00,2118.00,189.50
2014-12-23,3,1549.50,2103.00,184.50
2014-12-24,4,1365.00,2107.00,185.50
2014-12-26,5,1179.50,2107.00,185.50
2014-12-29,6,994.00,2095.00,183.50
2014-12-30,7,810.50,2077.50,181.00
2015-01-02,8,629.50,2069.50,180.00
2015-01-05,9,449.50,2020.00,174.50
2015-01-06,10,275.00,1935.00,166.00
2015-01-07,11,109.00,1918.50,164.50
2015-01-08,11,109.00,1957.00,168.00
2015-01-09,11,109.00,2072.50,178.50
2015-01-12,11,109.00,2094.50,180.50
2015-01-13,11,109.00,2089.00,180.00
2015-01-14,11,109.00,2061.50,177.50
2015-01-15,11,109.00,2072.50,178.50
2015-01-16,11,109.00,2034.00,175.00
2015-01-19,11,109.00,2089.00,180.00
2015-01-20,11,109.00,2122.00,183.00
2015-01-21,11,109.00,2138.50,184.50
2015-01-22,11,109.00,2232.00,193.00
2015-01-23,11,109.00,2254.00,195.00
2015-01-26,11,109.00,2166.00,187.00
2015-01-27,11,109.00,2298.00,199.00
2015-01-28,11,109.00,2298.00,199.00
2015-01-29,11,109.00,2298.00,199.00
2015-01-30,11,109.00,2292.50,198.50
2015-02-02,11,109.00,2369.50,205.50
2015-02-03,11,109.00,2397.00,208.00
2015-02-04,11,109.00,2457.50,213.50
2015-02-05,10,322.50,2342.50,202.00
2015-02-06,9,524.50,2410.00,209.50
2015-02-09,8,734.00,2458.00,215.50
2015-02-10,7,949.50,2468.50,217.00
2015-02-11,6,1166.50,2453.50,214.50
2015-02-12,5,1381.00,2436.00,211.00
2015-02-13,4,1592.00,2470.00,219.50
2015-02-16,3,1811.50,2459.50,216.00
2015-02-17,2,2027.50,2464.50,218.50
2015-02-23,1,2246.00,2467.50,221.50
2015-02-24,0,2467.50,2467.50,222.00
2015-02-25,0,2467.50,2467.50,230.50
2015-02-26,0,2467.50,2467.50,232.00
2015-02-27,0,2467.50,2467.50,230.00
2015-03-02,0,2467.50,2467.50,234.00
2015-03-03,0,2467.50,2467.50,234.50
2015-03-04,0,2467.50,2467.50,229.50
2015-03-05,0,2467.50,2467.50,230.00
2015-03-06,0,2467.50,2467.50,233.00
2015-03-09,0,2467.50,2467.50,235.50
2015-03-10,0,2467.50,2467.50,237.00
2015-03-11,0,2467.50,2467.50,234.00
2015-03-12,0,2467.50,2467.50,235.00
2015-03-13,0,2467.50,2467.50,233.50
2015-03-16,0,2467.50,2467.50,220.50
2015-03-17,0,2467.50,2467.50,228.00
2015-03-18,0,2467.50,2467.50,227.00
2015-03-19,0,2467.50,2467.50,234.00
2015-03-20,0,2467.50,2467.50,234.50
2015-03-23,0,2467.50,2467.50,233.50
2015-03-24,0,2467.50,2467.50,231.50
2015-03-25,0,2467.50,2467.50,226.00
2015-03-26,0,2467.50,2467.50,226.00
2015-03-27,0,2467.50,2467.50,226.50
2015-03-30,0,2467.50,2467.50,225.00
2015-03-31,0,2467.50,2467.50,226.00
2015-04-01,0,2467.50,2467.50,225.00
2015-04-02,0,2467.50,2467.50,229.00
2015-04-03,0,2467.50,2467.50,227.50
2015-04-06,0,2467.50,2467.50,228.50
2015-04-07,0,2467.50,2467.50,229.00
2015-04-08,0,2467.50,2467.50,241.50
2015-04-09,0,2467.50,2467.50,254.00
2015-04-10,0,2467.50,2467.50,256.00
2015-04-13,0,2467.50,2467.50,271.50
2015-04-14,0,2467.50,2467.50,275.00
2015-04-15,0,2467.50,2467.50,276.50
2015-04-16,0,2467.50,2467.50,264.00
2015-04-17,0,2467.50,2467.50,261.50
2015-04-20,0,2467.50,2467.50,283.50
2015-04-21,0,2467.50,2467.50,277.00
2015-04-22,0,2467.50,2467.50,284.00
2015-04-23,0,2467.50,2467.50,284.00
2015-04-24,0,2467.50,2467.50,279.00
2015-04-27,0,2467.50,2467.50,270.00
2015-04-28,0,2467.50,2467.50,274.50
2015-04-29,0,2467.50,2467.50,276.00
2015-04-30,0,2467.50,2467.50,273.00
2015-05-04,0,2467.50,2467.50,278.50
2015-05-06,0,2467.50,2467.50,280.00
2015-05-07,0,2467.50,2467.50,275.00
2015-05-08,0,2467.50,2467.50,268.00
2015-05-11,1,2199.50,2471.50,272.00
2015-05-12,2,1927.50,2479.50,276.00
2015-05-13,3,1651.50,2484.00,277.50
2015-05-14,4,1374.00,2450.00,269.00
2015-05-15,5,1105.00,2430.00,265.00
2015-05-18,6,840.00,2445.00,267.50
2015-05-19,7,572.50,2441.50,267.00
2015-05-20,8,305.50,2385.50,260.00
2015-05-21,9,45.50,2381.00,259.50
2015-05-22,9,45.50,2466.50,269.00
2015-05-26,9,45.50,2471.00,269.50
2015-05-27,9,45.50,2372.00,258.50
2015-05-28,9,45.50,2340.50,255.00
2015-05-29,9,45.50,2291.00,249.50
2015-06-01,9,45.50,2300.00,250.50
2015-06-02,9,45.50,2331.50,254.00
2015-06-03,9,45.50,2412.50,263.00
2015-06-04,9,45.50,2421.50,264.00
2015-06-05,9,45.50,2385.50,260.00
2015-06-08,9,45.50,2426.00,264.50
2015-06-09,9,45.50,2453.00,267.50
2015-06-10,9,45.50,2453.00,267.50
2015-06-11,9,45.50,2466.50,269.00
2015-06-12,9,45.50,2403.50,262.00
2015-06-15,9,45.50,2399.00,261.50
2015-06-16,9,45.50,2381.00,259.50
2015-06-17,9,45.50,2520.50,275.00
2015-06-18,9,45.50,2597.00,283.50
2015-06-19,9,45.50,2597.00,283.50
2015-06-22,9,45.50,2534.00,276.50
2015-06-23,9,45.50,2534.00,276.50
2015-06-24,8,322.00,2522.00,275.00
2015-06-25,7,597.00,2539.50,277.50
2015-06-26,6,874.50,2533.50,276.50
2015-06-29,5,1151.00,2508.50,271.50
2015-06-30,4,1422.50,2536.50,278.50
2015-07-01,3,1701.00,2544.00,281.00
2015-07-02,2,1982.00,2544.00,281.00
2015-07-03,1,2263.00,2543.50,280.50
2015-07-06,0,2543.50,2543.50,272.00
2015-07-07,0,2543.50,2543.50,259.00
2015-07-08,0,2543.50,2543.50,236.50
2015-07-09,0,2543.50,2543.50,245.50
2015-07-10,0,2543.50,2543.50,259.00
2015-07-13,0,2543.50,2543.50,253.00
2015-07-14,0,2543.50,2543.50,250.00
2015-07-15,0,2543.50,2543.50,261.00
2015-07-16,0,2543.50,2543.50,260.50
2015-07-17,0,2543.50,2543.50,260.00
2015-07-20,0,2543.50,2543.50,259.50
2015-07-21,0,2543.50,2543.50,280.00
2015-07-22,0,2543.50,2543.50,274.50
2015-07-23,0,2543.50,2543.50,271.00
2015-07-24,0,2543.50,2543.50,260.50
2015-07-27,0,2543.50,2543.50,254.00
2015-07-28,0,2543.50,2543.50,247.00
2015-07-29,0,2543.50,2543.50,245.50
2015-07-30,0,2543.50,2543.50,251.00
2015-07-31,0,2543.50,2543.50,250.00
2015-08-03,0,2543.50,2543.50,237.00
2015-08-04,0,2543.50,2543.50,239.00
2015-08-05,0,2543.50,2543.50,246.50
2015-08-06,1,2297.00,2540.50,243.50
2015-08-07,2,2053.50,2529.50,238.00
2015-08-10,3,1815.50,2483.00,222.50
2015-08-11,4,1593.00,2483.00,222.50
2015-08-12,5,1370.50,2435.50,213.00
2015-08-13,6,1157.50,2510.50,225.50
2015-08-17,7,932.00,2594.50,237.50
2015-08-18,8,694.50,2550.50,232.00
2015-08-19,9,462.50,2483.00,224.50
2015-08-20,10,238.00,2448.00,221.00
2015-08-21,11,17.00,2442.50,220.50
2015-08-24,11,17.00,2398.50,216.50
2015-08-25,11,17.00,2426.00,219.00
2015-08-26,11,17.00,2503.00,226.00
2015-08-27,11,17.00,2508.50,226.50
2015-08-28,11,17.00,2662.50,240.50
2015-08-31,11,17.00,2591.00,234.00
2015-09-01,11,17.00,2552.50,230.50
2015-09-02,11,17.00,2530.50,228.50
2015-09-03,11,17.00,2514.00,227.00
2015-09-04,11,17.00,2453.50,221.50
2015-09-07,11,17.00,2431.50,219.50
2015-09-08,11,17.00,2404.00,217.00
2015-09-09,11,17.00,2563.50,231.50
2015-09-10,11,17.00,2613.00,236.00
2015-09-11,11,17.00,2552.50,230.50
2015-09-14,11,17.00,2596.50,234.50
2015-09-15,11,17.00,2585.50,233.50
2015-09-16,11,17.00,2778.00,251.00
2015-09-17,11,17.00,2844.00,257.00
2015-09-18,11,17.00,2921.00,264.00
2015-09-21,11,17.00,2833.00,256.00
2015-09-22,11,17.00,2855.00,258.00
2015-09-23,11,17.00,2943.00,266.00
2015-09-24,11,17.00,2965.00,268.00
2015-09-25,11,17.00,2954.00,267.00
2015-09-30,11,17.00,3157.50,285.50
2015-10-01,11,17.00,3185.00,288.00
2015-10-02,11,17.00,3058.50,276.50
2015-10-05,11,17.00,3185.00,288.00
2015-10-06,11,17.00,3157.50,285.50
2015-10-07,11,17.00,3174.00,287.00
2015-10-08,11,17.00,3196.00,289.00
2015-10-12,11,17.00,3174.00,287.00
2015-10-13,11,17.00,3141.00,284.00
2015-10-14,11,17.00,2998.00,271.00
2015-10-15,11,17.00,3179.50,287.50
2015-10-16,11,17.00,3196.00,289.00
2015-10-19,11,17.00,3212.50,290.50
2015-10-20,11,17.00,3212.50,290.50
2015-10-21,11,17.00,3251.00,294.00
2015-10-22,11,17.00,3212.50,290.50
2015-10-23,11,17.00,3284.00,297.00
2015-10-26,11,17.00,3284.00,297.00
2015-10-27,11,17.00,3317.00,300.00
2015-10-28,11,17.00,3482.00,315.00
2015-10-29,11,17.00,3482.00,315.00
2015-10-30,11,17.00,3366.50,304.50
2015-11-02,11,17.00,3476.50,314.50
2015-11-03,11,17.00,3526.00,319.00
2015-11-04,11,17.00,3487.50,315.50
2015-11-05,11,17.00,3361.00,304.00
2015-11-06,10,321.00,3361.00,304.00
2015-11-09,9,625.00,3293.50,296.50
2015-11-10,8,921.50,3293.50,296.50
2015-11-11,7,1218.00,3293.50,296.50
2015-11-12,6,1514.50,3302.50,298.00
2015-11-13,5,1812.50,3310.00,299.50
2015-11-16,4,2112.00,3288.00,294.00
2015-11-17,3,2406.00,3346.50,313.50
2015-11-18,2,2719.50,3345.50,313.00
2015-11-19,1,3032.50,3358.50,326.00
2015-11-20,0,3358.50,3358.50,322.50
2015-11-23,0,3358.50,3358.50,322.00
2015-11-24,0,3358.50,3358.50,334.00
2015-11-25,0,3358.50,3358.50,322.00
2015-11-26,0,3358.50,3358.50,324.00
2015-11-27,0,3358.50,3358.50,321.00
2015-11-30,0,3358.50,3358.50,318.00
2015-12-01,0,3358.50,3358.50,322.00
2015-12-02,0,3358.50,3358.50,315.50
2015-12-03,0,3358.50,3358.50,315.50
2015-12-04,0,3358.50,3358.50,309.00
2015-12-07,0,3358.50,3358.50,306.50
2015-12-08,0,3358.50,3358.50,307.00
2015-12-09,0,3358.50,3358.50,315.00
2015-12-10,0,3358.50,3358.50,314.00
2015-12-11,0,3358.50,3358.50,326.50
2015-12-14,0,3358.50,3358.50,323.00
2015-12-15,0,3358.50,3358.50,313.00
2015-12-16,0,3358.50,3358.50,320.50
2015-12-17,0,3358.50,3358.50,333.50
2015-12-18,0,3358.50,3358.50,332.00
2015-12-21,0,3358.50,3358.50,332.00
2015-12-22,0,3358.50,3358.50,333.00
2015-12-23,0,3358.50,3358.50,339.50
2015-12-24,0,3358.50,3358.50,338.00
2015-12-28,0,3358.50,3358.50,333.50
2015-12-29,0,3358.50,3358.50,332.00
2015-12-30,0,3358.50,3358.50,328.50
2016-01-04,0,3358.50,3358.50,341.50
2016-01-05,0,3358.50,3358.50,339.50
2016-01-06,0,3358.50,3358.50,338.00
2016-01-07,0,3358.50,3358.50,323.00
2016-01-08,0,3358.50,3358.50,330.00
2016-01-11,0,3358.50,3358.50,322.50
2016-01-12,0,3358.50,3358.50,322.50
2016-01-13,0,3358.50,3358.50,331.50
2016-01-14,0,3358.50,3358.50,322.00
2016-01-15,0,3358.50,3358.50,312.00
2016-01-18,0,3358.50,3358.50,304.50
2016-01-19,0,3358.50,3358.50,307.00
2016-01-20,0,3358.50,3358.50,295.00
2016-01-21,0,3358.50,3358.50,305.50
2016-01-22,0,3358.50,3358.50,303.50
2016-01-25,0,3358.50,3358.50,302.00
2016-01-26,0,3358.50,3358.50,278.50
2016-01-27,0,3358.50,3358.50,293.00
2016-01-28,0,3358.50,3358.50,296.00
2016-01-29,0,3358.50,3358.50,295.50
2016-02-01,0,3358.50,3358.50,289.00
2016-02-02,0,3358.50,3358.50,286.00
2016-02-03,0,3358.50,3358.50,289.00
2016-02-04,0,3358.50,3358.50,302.00
2016-02-05,0,3358.50,3358.50,301.00
2016-02-11,0,3358.50,3358.50,286.00
2016-02-12,0,3358.50,3358.50,283.00
2016-02-15,0,3358.50,3358.50,281.00
2016-02-16,0,3358.50,3358.50,293.50
2016-02-17,0,3358.50,3358.50,285.00
2016-02-18,0,3358.50,3358.50,295.00
2016-02-19,0,3358.50,3358.50,303.50
2016-02-22,0,3358.50,3358.50,303.50
2016-02-23,0,3358.50,3358.50,299.50
2016-02-24,0,3358.50,3358.50,295.50
2016-02-25,0,3358.50,3358.50,297.00
2016-02-26,0,3358.50,3358.50,293.50
2016-02-29,0,3358.50,3358.50,300.00
2016-03-02,0,3358.50,3358.50,312.00
2016-03-03,0,3358.50,3358.50,308.00
2016-03-04,0,3358.50,3358.50,298.00
2016-03-07,0,3358.50,3358.50,299.50
2016-03-08,0,3358.50,3358.50,298.00
2016-03-09,0,3358.50,3358.50,296.00
2016-03-10,0,3358.50,3358.50,295.00
2016-03-11,0,3358.50,3358.50,296.50
2016-03-14,0,3358.50,3358.50,303.50
2016-03-15,0,3358.50,3358.50,302.00
2016-03-16,0,3358.50,3358.50,307.00
2016-03-17,0,3358.50,3358.50,314.00
2016-03-18,0,3358.50,3358.50,314.00
2016-03-21,0,3358.50,3358.50,313.50
2016-03-22,0,3358.50,3358.50,313.50
2016-03-23,0,3358.50,3358.50,310.00
2016-03-24,0,3358.50,3358.50,318.50
2016-03-25,1,3040.00,3363.00,323.00
2016-03-28,2,2717.00,3356.00,319.50
2016-03-29,3,2397.50,3368.00,323.50
2016-03-30,4,2074.00,3398.00,331.00
2016-03-31,5,1743.00,3380.50,327.50
2016-04-01,6,1415.50,3320.50,317.50
2016-04-04,7,1098.00,3383.50,326.50
2016-04-05,8,771.50,3299.50,316.00
2016-04-06,9,455.50,3331.00,319.50
2016-04-07,10,136.00,3346.00,321.00
2016-04-08,10,136.00,3331.00,319.50
2016-04-11,10,136.00,3336.00,320.00
2016-04-12,10,136.00,3401.00,326.50
2016-04-14,10,136.00,3521.00,338.50
2016-04-15,10,136.00,3486.00,335.00
2016-04-18,10,136.00,3506.00,337.00
2016-04-19,10,136.00,3401.00,326.50
2016-04-20,10,136.00,3356.00,322.00
2016-04-21,10,136.00,3296.00,316.00
2016-04-22,10,136.00,3216.00,308.00
2016-04-25,10,136.00,3236.00,310.00
2016-04-26,10,136.00,3181.00,304.50
2016-04-27,10,136.00,3206.00,307.00
2016-04-28,10,136.00,3166.00,303.00
2016-04-29,10,136.00,3106.00,297.00
2016-05-02,10,136.00,3096.00,296.00
2016-05-03,10,136.00,3056.00,292.00
2016-05-04,10,136.00,3021.00,288.50
2016-05-09,10,136.00,2916.00,278.00
2016-05-10,10,136.00,2956.00,282.00
2016-05-11,10,136.00,3016.00,288.00
2016-05-12,10,136.00,3016.00,288.00
2016-05-13,10,136.00,2951.00,281.50
2016-05-16,10,136.00,2971.00,283.50
2016-05-17,10,136.00,2991.00,285.50
2016-05-18,10,136.00,2841.00,270.50
2016-05-19,10,136.00,2846.00,271.00
2016-05-20,10,136.00,2881.00,274.50
2016-05-23,10,136.00,2876.00,274.00
2016-05-24,10,136.00,2836.00,270.00
2016-05-25,10,136.00,2876.00,274.00
2016-05-26,10,136.00,2861.00,272.50
2016-05-27,10,136.00,2886.00,275.00
2016-05-30,10,136.00,2866.00,273.00
2016-05-31,10,136.00,2846.00,271.00
2016-06-01,10,136.00,2831.00,269.50
2016-06-02,10,136.00,2826.00,269.00
2016-06-03,10,136.00,2761.00,262.50
2016-06-07,10,136.00,2791.00,265.50
2016-06-08,10,136.00,2856.00,272.00
2016-06-09,10,136.00,2846.00,271.00
2016-06-10,10,136.00,2861.00,272.50
2016-06-13,10,136.00,2826.00,269.00
2016-06-14,10,136.00,2776.00,264.00
2016-06-15,10,136.00,2756.00,262.00
2016-06-16,10,136.00,2736.00,260.00
2016-06-17,10,136.00,2726.00,259.00
2016-06-20,10,136.00,2806.00,267.00
2016-06-21,10,136.00,2711.00,257.50
2016-06-22,10,136.00,2691.00,255.50
2016-06-23,10,136.00,2666.00,253.00
2016-06-24,10,136.00,2536.00,240.00
2016-06-27,9,376.00,2522.50,238.50
2016-06-28,8,614.50,2522.50,238.50
2016-06-29,7,853.00,2652.00,257.00
2016-06-30,6,1110.00,2670.00,260.00
2016-07-01,5,1370.00,2660.00,258.00
2016-07-04,4,1628.00,2678.00,262.50
2016-07-05,3,1890.50,2675.00,261.50
2016-07-06,2,2152.00,2649.00,248.50
2016-07-07,1,2400.50,2650.00,249.50
2016-07-08,0,2650.00,2650.00,247.50
2016-07-11,0,2650.00,2650.00,255.00
2016-07-12,0,2650.00,2650.00,252.00
2016-07-13,0,2650.00,2650.00,253.50
2016-07-14,0,2650.00,2650.00,256.00
2016-07-15,0,2650.00,2650.00,258.00
2016-07-18,0,2650.00,2650.00,257.50
2016-07-19,0,2650.00,2650.00,259.00
2016-07-20,0,2650.00,2650.00,256.00
2016-07-21,0,2650.00,2650.00,249.00
2016-07-22,0,2650.00,2650.00,240.50
2016-07-25,0,2650.00,2650.00,243.00
2016-07-26,0,2650.00,2650.00,246.50
2016-07-27,0,2650.00,2650.00,246.50
2016-07-28,0,2650.00,2650.00,242.50
2016-07-29,0,2650.00,2650.00,243.50
2016-08-01,0,2650.00,2650.00,257.00
2016-08-02,0,2650.00,2650.00,251.00
2016-08-03,0,2650.00,2650.00,249.50
2016-08-04,0,2650.00,2650.00,251.00
2016-08-05,0,2650.00,2650.00,246.50
2016-08-08,0,2650.00,2650.00,248.00
2016-08-09,1,2402.00,2659.50,257.50
2016-08-10,2,2144.50,2675.50,265.50
2016-08-11,3,1879.00,2663.50,261.50
2016-08-12,4,1617.50,2677.50,265.00
2016-08-16,5,1352.50,2660.00,261.50
2016-08-17,6,1091.00,2666.00,262.50
2016-08-18,7,828.50,2641.50,259.00
2016-08-19,8,569.50,2665.50,262.00
2016-08-22,9,307.50,2724.00,268.50
2016-08-23,10,39.00,2729.00,269.00
2016-08-24,10,39.00,2709.00,267.00
2016-08-25,10,39.00,2719.00,268.00
2016-08-26,10,39.00,2724.00,268.50
2016-08-29,10,39.00,2674.00,263.50
2016-08-30,10,39.00,2679.00,264.00
2016-08-31,10,39.00,2744.00,270.50
2016-09-01,10,39.00,2739.00,270.00
2016-09-02,10,39.00,2669.00,263.00
2016-09-05,10,39.00,2709.00,267.00
2016-09-06,10,39.00,2554.00,251.50
2016-09-07,10,39.00,2534.00,249.50
2016-09-08,10,39.00,2519.00,248.00
2016-09-09,10,39.00,2524.00,248.50
2016-09-12,10,39.00,2494.00,245.50
2016-09-13,10,39.00,2414.00,237.50
2016-09-19,10,39.00,2369.00,233.00
2016-09-20,10,39.00,2364.00,232.50
2016-09-21,10,39.00,2449.00,241.00
2016-09-22,10,39.00,2424.00,238.50
2016-09-23,10,39.00,2429.00,239.00
2016-09-26,10,39.00,2464.00,242.50
2016-09-27,10,39.00,2479.00,244.00
2016-09-28,10,39.00,2459.00,242.00
2016-09-29,10,39.00,2479.00,244.00
2016-09-30,10,39.00,2454.00,241.50
2016-10-04,10,39.00,2414.00,237.50
2016-10-05,10,39.00,2439.00,240.00
2016-10-06,10,39.00,2379.00,234.00
2016-10-07,10,39.00,2374.00,233.50
2016-10-10,10,39.00,2364.00,232.50
2016-10-11,10,39.00,2389.00,235.00
2016-10-12,10,39.00,2409.00,237.00
2016-10-13,10,39.00,2344.00,230.50
2016-10-14,10,39.00,2364.00,232.50
2016-10-17,10,39.00,2439.00,240.00
2016-10-18,10,39.00,2489.00,245.00
2016-10-19,10,39.00,2484.00,244.50
2016-10-20,10,39.00,2549.00,251.00
2016-10-21,10,39.00,2544.00,250.50
2016-10-24,10,39.00,2549.00,251.00
2016-10-25,10,39.00,2524.00,248.50
2016-10-26,10,39.00,2459.00,242.00
2016-10-27,10,39.00,2494.00,245.50
2016-10-28,10,39.00,2454.00,241.50
2016-10-31,10,39.00,2504.00,246.50
2016-11-01,10,39.00,2484.00,244.50
2016-11-02,10,39.00,2469.00,243.00
2016-11-03,10,39.00,2489.00,245.00
2016-11-04,10,39.00,2484.00,244.50
2016-11-07,10,39.00,2539.00,250.00
2016-11-08,10,39.00,2564.00,252.50
2016-11-09,10,39.00,2459.00,242.00
2016-11-10,9,281.00,2450.00,241.00
2016-11-11,8,522.00,2414.00,236.50
2016-11-14,7,758.50,2407.00,235.50
2016-11-15,6,994.00,2437.00,240.50
2016-11-16,5,1234.50,2424.50,238.00
2016-11-17,4,1472.50,2430.50,239.50
2016-11-18,3,1712.00,2412.50,233.50
2016-11-21,2,1945.50,2406.50,230.50
2016-11-22,1,2176.00,2408.50,232.50
2016-11-23,0,2408.50,2408.50,234.50
2016-11-24,0,2408.50,2408.50,219.50
2016-11-25,0,2408.50,2408.50,222.50
2016-11-28,0,2408.50,2408.50,224.50
2016-11-29,0,2408.50,2408.50,226.00
2016-11-30,0,2408.50,2408.50,226.50
2016-12-01,0,2408.50,2408.50,229.50
2016-12-02,0,2408.50,2408.50,231.50
2016-12-05,0,2408.50,2408.50,233.00
2016-12-06,0,2408.50,2408.50,242.00
2016-12-07,0,2408.50,2408.50,244.00
2016-12-08,0,2408.50,2408.50,252.00
2016-12-09,0,2408.50,2408.50,251.50
2016-12-12,0,2408.50,2408.50,249.50
2016-12-13,0,2408.50,2408.50,254.50
2016-12-14,0,2408.50,2408.50,247.00
2016-12-15,0,2408.50,2408.50,253.00
2016-12-16,0,2408.50,2408.50,251.00
2016-12-19,0,2408.50,2408.50,259.50
2016-12-20,0,2408.50,2408.50,258.50
2016-12-21,0,2408.50,2408.50,263.50
2016-12-22,0,2408.50,2408.50,264.00
2016-12-23,0,2408.50,2408.50,266.50
2016-12-26,0,2408.50,2408.50,263.00
2016-12-27,0,2408.50,2408.50,266.50
2016-12-28,0,2408.50,2408.50,261.00
2016-12-29,0,2408.50,2408.50,261.00
2017-01-02,0,2408.50,2408.50,253.00
2017-01-03,0,2408.50,2408.50,262.00
2017-01-04,0,2408.50,2408.50,268.50
2017-01-05,0,2408.50,2408.50,267.50
2017-01-06,0,2408.50,2408.50,266.00
2017-01-09,0,2408.50,2408.50,264.50
2017-01-10,0,2408.50,2408.50,267.50
2017-01-11,0,2408.50,2408.50,280.00
2017-01-12,0,2408.50,2408.50,285.00
2017-01-13,0,2408.50,2408.50,283.00
2017-01-16,0,2408.50,2408.50,278.50
2017-01-17,0,2408.50,2408.50,278.50
2017-01-18,0,2408.50,2408.50,271.50
2017-01-19,0,2408.50,2408.50,270.50
2017-01-20,0,2408.50,2408.50,261.00
2017-01-23,0,2408.50,2408.50,265.50
2017-01-24,0,2408.50,2408.50,263.00
2017-01-25,0,2408.50,2408.50,263.50
2017-01-26,0,2408.50,2408.50,270.00
2017-01-31,0,2408.50,2408.50,262.00
2017-02-01,0,2408.50,2408.50,272.50
2017-02-02,0,2408.50,2408.50,274.50
2017-02-03,0,2408.50,2408.50,275.50
2017-02-06,0,2408.50,2408.50,277.50
2017-02-07,0,2408.50,2408.50,273.00
2017-02-08,0,2408.50,2408.50,270.50
2017-02-09,1,2138.00,2410.00,272.00
2017-02-10,2,1866.00,2428.00,281.00
2017-02-13,3,1585.00,2423.50,279.50
2017-02-14,4,1305.50,2413.50,277.00
2017-02-15,5,1028.50,2438.50,282.00
2017-02-16,6,746.50,2396.50,275.00
2017-02-17,7,471.50,2410.50,277.00
2017-02-20,8,194.50,2422.50,278.50
2017-02-21,8,194.50,2418.50,278.00
2017-02-22,8,194.50,2430.50,279.50
2017-02-23,8,194.50,2466.50,284.00
2017-02-24,8,194.50,2442.50,281.00
2017-02-27,8,194.50,2454.50,282.50
2017-02-28,8,194.50,2458.50,283.00
2017-03-02,8,194.50,2494.50,287.50
2017-03-03,8,194.50,2450.50,282.00
2017-03-06,8,194.50,2398.50,275.50
2017-03-07,8,194.50,2410.50,277.00
2017-03-08,8,194.50,2378.50,273.00
2017-03-09,8,194.50,2350.50,269.50
2017-03-10,8,194.50,2326.50,266.50
2017-03-13,8,194.50,2346.50,269.00
2017-03-14,8,194.50,2386.50,274.00
2017-03-15,8,194.50,2402.50,276.00
2017-03-16,8,194.50,2422.50,278.50
2017-03-17,8,194.50,2430.50,279.50
2017-03-20,8,194.50,2458.50,283.00
2017-03-21,8,194.50,2554.50,295.00
2017-03-22,8,194.50,2518.50,290.50
2017-03-23,8,194.50,2490.50,287.00
2017-03-24,8,194.50,2486.50,286.50
2017-03-27,7,481.00,2458.50,282.50
2017-03-28,6,763.50,2518.50,292.50
2017-03-29,5,1056.00,2553.50,299.50
2017-03-30,4,1355.50,2543.50,297.00
2017-03-31,3,1652.50,2534.50,294.00
2017-04-03,2,1946.50,2532.50,293.00
2017-04-04,1,2239.50,2522.50,283.00
2017-04-05,0,2522.50,2522.50,284.50
2017-04-06,0,2522.50,2522.50,284.00
2017-04-07,0,2522.50,2522.50,284.50
2017-04-10,0,2522.50,2522.50,281.00
2017-04-11,0,2522.50,2522.50,280.50
2017-04-12,0,2522.50,2522.50,282.00
2017-04-13,0,2522.50,2522.50,274.00
2017-04-14,0,2522.50,2522.50,274.50
2017-04-17,0,2522.50,2522.50,278.50
2017-04-18,0,2522.50,2522.50,276.00
2017-04-19,0,2522.50,2522.50,270.50
2017-04-20,0,2522.50,2522.50,279.00
2017-04-21,0,2522.50,2522.50,280.00
2017-04-24,0,2522.50,2522.50,281.50
2017-04-25,0,2522.50,2522.50,279.50
2017-04-26,0,2522.50,2522.50,279.50
2017-04-27,0,2522.50,2522.50,281.00
2017-04-28,0,2522.50,2522.50,274.00
2017-05-02,0,2522.50,2522.50,275.00
2017-05-04,0,2522.50,2522.50,276.00
2017-05-08,0,2522.50,2522.50,280.00
2017-05-10,0,2522.50,2522.50,278.00
2017-05-11,0,2522.50,2522.50,285.50
2017-05-12,0,2522.50,2522.50,287.50
2017-05-15,0,2522.50,2522.50,285.00
2017-05-16,0,2522.50,2522.50,285.50
2017-05-17,0,2522.50,2522.50,284.00
2017-05-18,0,2522.50,2522.50,280.50
2017-05-19,0,2522.50,2522.50,282.00
2017-05-22,0,2522.50,2522.50,287.00
2017-05-23,0,2522.50,2522.50,289.50
2017-05-24,0,2522.50,2522.50,290.00
2017-05-25,0,2522.50,2522.50,296.00
2017-05-26,0,2522.50,2522.50,304.50
2017-05-29,0,2522.50,2522.50,309.50
2017-05-30,0,2522.50,2522.50,306.50
2017-05-31,0,2522.50,2522.50,302.00
2017-06-01,0,2522.50,2522.50,303.00
2017-06-02,0,2522.50,2522.50,294.00
2017-06-05,0,2522.50,2522.50,291.50
2017-06-07,0,2522.50,2522.50,290.50
2017-06-08,0,2522.50,2522.50,289.50
2017-06-09,0,2522.50,2522.50,292.50
2017-06-12,0,2522.50,2522.50,289.50
2017-06-13,0,2522.50,2522.50,292.50
2017-06-14,0,2522.50,2522.50,281.00
2017-06-15,0,2522.50,2522.50,276.50
2017-06-16,0,2522.50,2522.50,278.00
2017-06-19,0,2522.50,2522.50,279.00
2017-06-20,0,2522.50,2522.50,275.50
2017-06-21,0,2522.50,2522.50,280.00
2017-06-22,0,2522.50,2522.50,287.00
2017-06-23,0,2522.50,2522.50,283.50
2017-06-26,0,2522.50,2522.50,282.50
2017-06-27,0,2522.50,2522.50,283.00
2017-06-28,1,2239.50,2520.00,280.50
2017-06-29,2,1959.00,2523.00,282.00
2017-06-30,3,1677.00,2550.00,291.00
2017-07-03,4,1386.00,2572.00,296.50
2017-07-04,5,1089.50,2539.50,290.00
2017-07-05,6,799.50,2545.50,291.00
2017-07-06,7,508.50,2538.50,290.00
2017-07-07,8,218.50,2530.50,289.00
2017-07-10,8,218.50,2550.50,291.50
2017-07-11,8,218.50,2610.50,299.00
2017-07-12,8,218.50,2614.50,299.50
2017-07-13,8,218.50,2730.50,314.00
2017-07-14,8,218.50,2766.50,318.50
2017-07-17,8,218.50,2774.50,319.50
2017-07-18,8,218.50,2830.50,326.50
2017-07-19,8,218.50,2766.50,318.50
2017-07-20,8,218.50,2826.50,326.00
2017-07-21,8,218.50,2850.50,329.00
2017-07-24,8,218.50,2898.50,335.00
2017-07-25,8,218.50,2850.50,329.00
2017-07-26,8,218.50,2830.50,326.50
2017-07-27,8,218.50,2866.50,331.00
2017-07-28,8,218.50,2802.50,323.00
2017-07-31,8,218.50,2842.50,328.00
2017-08-01,8,218.50,2882.50,333.00
2017-08-02,8,218.50,2886.50,333.50
2017-08-03,8,218.50,2850.50,329.00
2017-08-04,8,218.50,2958.50,342.50
2017-08-07,8,218.50,2970.50,344.00
2017-08-08,8,218.50,2938.50,340.00
2017-08-09,8,218.50,2878.50,332.50
2017-08-10,7,551.00,2913.50,337.50
2017-08-11,6,888.50,2925.50,339.50
2017-08-14,5,1228.00,2945.50,343.50
2017-08-16,4,1571.50,2953.50,345.50
2017-08-17,3,1917.00,2947.50,343.50
2017-08-18,2,2260.50,2958.50,349.00
2017-08-21,1,2609.50,2958.50,349.00
2017-08-22,0,2958.50,2958.50,363.00
2017-08-23,0,2958.50,2958.50,366.00
2017-08-24,0,2958.50,2958.50,375.00
2017-08-25,0,2958.50,2958.50,368.50
2017-08-28,0,2958.50,2958.50,369.50
2017-08-29,0,2958.50,2958.50,368.50
2017-08-30,0,2958.50,2958.50,380.00
2017-08-31,0,2958.50,2958.50,379.00
2017-09-01,0,2958.50,2958.50,373.00
2017-09-04,0,2958.50,2958.50,370.00
2017-09-05,0,2958.50,2958.50,366.00
2017-09-06,0,2958.50,2958.50,372.00
2017-09-07,0,2958.50,2958.50,370.00
2017-09-08,0,2958.50,2958.50,372.50
2017-09-11,0,2958.50,2958.50,392.00
2017-09-12,0,2958.50,2958.50,390.00
2017-09-13,0,2958.50,2958.50,407.50
2017-09-14,0,2958.50,2958.50,407.00
2017-09-15,0,2958.50,2958.50,401.00
2017-09-18,0,2958.50,2958.50,395.00
2017-09-19,0,2958.50,2958.50,397.00
2017-09-20,0,2958.50,2958.50,388.50
2017-09-21,0,2958.50,2958.50,389.00
2017-09-22,0,2958.50,2958.50,369.00
2017-09-25,1,2589.50,2969.00,379.50
2017-09-26,2,2210.00,2961.00,375.50
2017-09-27,3,1834.50,2968.50,378.00
2017-09-28,4,1456.50,3000.50,386.00
2017-09-29,5,1070.50,3030.50,392.00
2017-10-10,6,678.50,3036.50,393.00
2017-10-11,7,285.50,2980.50,385.00
2017-10-12,7,285.50,2938.50,379.00
2017-10-13,7,285.50,2910.50,375.00
2017-10-16,7,285.50,2875.50,370.00
2017-10-17,7,285.50,2896.50,373.00
2017-10-18,7,285.50,2973.50,384.00
2017-10-19,7,285.50,2980.50,385.00
2017-10-20,7,285.50,2973.50,384.00
2017-10-23,7,285.50,3054.00,395.50
2017-10-24,7,285.50,3005.00,388.50
2017-10-25,7,285.50,2991.00,386.50
2017-10-26,7,285.50,3047.00,394.50
2017-10-27,7,285.50,3124.00,405.50
2017-10-30,7,285.50,3124.00,405.50
2017-10-31,7,285.50,3110.00,403.50
2017-11-01,7,285.50,3187.00,414.50
2017-11-02,7,285.50,3225.50,420.00
2017-11-03,7,285.50,3183.50,414.00
2017-11-06,7,285.50,3148.50,409.00
2017-11-07,7,285.50,3148.50,409.00
2017-11-08,7,285.50,3148.50,409.00
2017-11-09,7,285.50,3183.50,414.00
2017-11-10,7,285.50,3131.00,406.50
2017-11-13,7,285.50,3047.00,394.50
2017-11-14,7,285.50,3033.00,392.50
2017-11-15,7,285.50,3064.50,397.00
2017-11-16,7,285.50,3124.00,405.50
2017-11-17,7,285.50,3145.00,408.50
2017-11-20,7,285.50,3152.00,409.50
2017-11-21,7,285.50,3176.50,413.00
2017-11-22,7,285.50,3204.50,417.00
2017-11-23,7,285.50,3236.00,421.50
2017-11-24,7,285.50,3250.00,423.50
2017-11-27,7,285.50,3222.00,419.50
2017-11-28,7,285.50,3229.00,420.50
2017-11-29,7,285.50,3243.00,422.50
2017-11-30,7,285.50,3208.00,417.50
2017-12-01,7,285.50,3169.50,412.00
2017-12-04,7,285.50,3225.50,420.00
2017-12-05,7,285.50,3183.50,414.00
2017-12-06,7,285.50,3145.00,408.50
2017-12-07,7,285.50,3064.50,397.00
2017-12-08,7,285.50,3075.00,398.50
2017-12-11,7,285.50,3085.50,400.00
2017-12-12,7,285.50,3015.50,390.00
2017-12-13,7,285.50,3036.50,393.00
2017-12-14,7,285.50,3015.50,390.00
2017-12-15,7,285.50,3043.50,394.00
2017-12-18,7,285.50,3068.00,397.50
2017-12-19,7,285.50,3075.00,398.50
2017-12-20,7,285.50,3071.50,398.00
2017-12-21,7,285.50,3022.50,391.00
2017-12-22,7,285.50,3040.00,393.50
2017-12-26,7,285.50,3029.50,392.00
2017-12-27,7,285.50,3047.00,394.50
2017-12-28,7,285.50,3120.50,405.00
2018-01-02,7,285.50,3162.50,411.00
2018-01-03,7,285.50,3152.00,409.50
2018-01-04,7,285.50,3054.00,395.50
2018-01-05,7,285.50,3120.50,405.00
2018-01-08,7,285.50,3257.00,424.50
2018-01-09,7,285.50,3264.00,425.50
2018-01-10,7,285.50,3201.00,416.50
2018-01-11,7,285.50,3236.00,421.50
2018-01-12,7,285.50,3267.50,426.00
2018-01-15,7,285.50,3344.50,437.00
2018-01-16,7,285.50,3306.00,431.50
2018-01-17,7,285.50,3229.00,420.50
2018-01-18,7,285.50,3204.50,417.00
2018-01-19,7,285.50,3250.00,423.50
2018-01-22,7,285.50,3211.50,418.00
2018-01-23,7,285.50,3246.50,423.00
2018-01-24,7,285.50,3351.50,438.00
2018-01-25,7,285.50,3341.00,436.50
2018-01-26,7,285.50,3334.00,435.50
2018-01-29,7,285.50,3376.00,441.50
2018-01-30,7,285.50,3337.50,436.00
2018-01-31,7,285.50,3309.50,432.00
2018-02-01,7,285.50,3215.00,418.50
2018-02-02,7,285.50,3089.00,400.50
2018-02-05,7,285.50,3015.50,390.00
2018-02-06,7,285.50,3005.00,388.50
2018-02-07,7,285.50,2910.50,375.00
2018-02-08,7,285.50,2903.50,374.00
2018-02-09,7,285.50,2847.50,366.00
2018-02-12,7,285.50,2889.50,372.00
2018-02-13,7,285.50,2837.00,364.50
2018-02-14,6,650.00,2885.00,372.50
2018-02-19,5,1022.50,2940.00,383.50
2018-02-20,4,1406.00,2912.00,376.50
2018-02-21,3,1782.50,2906.00,374.50
2018-02-22,2,2157.00,2910.00,376.50
2018-02-23,1,2533.50,2922.50,389.00
2018-02-26,0,2922.50,2922.50,394.00
2018-02-27,0,2922.50,2922.50,398.00
2018-02-28,0,2922.50,2922.50,383.00
2018-03-02,0,2922.50,2922.50,383.50
2018-03-05,0,2922.50,2922.50,375.00
2018-03-06,0,2922.50,2922.50,387.50
2018-03-07,0,2922.50,2922.50,385.00
2018-03-08,0,2922.50,2922.50,387.00
2018-03-09,0,2922.50,2922.50,406.50
2018-03-12,0,2922.50,2922.50,410.50
2018-03-13,0,2922.50,2922.50,409.50
2018-03-14,0,2922.50,2922.50,411.50
2018-03-15,0,2922.50,2922.50,419.00
2018-03-16,0,2922.50,2922.50,413.50
2018-03-19,0,2922.50,2922.50,405.00
2018-03-20,0,2922.50,2922.50,406.50
2018-03-21,0,2922.50,2922.50,410.00
2018-03-22,0,2922.50,2922.50,409.00
2018-03-23,0,2922.50,2922.50,393.50
2018-03-26,0,2922.50,2922.50,400.00
2018-03-27,0,2922.50,2922.50,403.00
2018-03-28,0,2922.50,2922.50,386.00
2018-03-29,0,2922.50,2922.50,386.00
2018-03-30,0,2922.50,2922.50,385.50
2018-04-02,0,2922.50,2922.50,387.50
2018-04-03,0,2922.50,2922.50,378.50
2018-04-04,0,2922.50,2922.50,376.00
2018-04-05,0,2922.50,2922.50,383.50
2018-04-06,0,2922.50,2922.50,379.00
2018-04-09,0,2922.50,2922.50,376.00
2018-04-10,0,2922.50,2922.50,368.00
2018-04-11,0,2922.50,2922.50,367.00
2018-04-12,0,2922.50,2922.50,378.00
2018-04-13,0,2922.50,2922.50,373.00
2018-04-16,0,2922.50,2922.50,365.00
2018-04-17,0,2922.50,2922.50,368.50
2018-04-18,0,2922.50,2922.50,376.00
2018-04-19,0,2922.50,2922.50,376.00
2018-04-20,0,2922.50,2922.50,372.50
2018-04-23,0,2922.50,2922.50,372.50
2018-04-24,0,2922.50,2922.50,374.50
2018-04-25,0,2922.50,2922.50,352.50
2018-04-26,0,2922.50,2922.50,353.50
2018-04-27,0,2922.50,2922.50,354.50
2018-04-30,0,2922.50,2922.50,360.00
2018-05-02,0,2922.50,2922.50,339.00
2018-05-03,0,2922.50,2922.50,343.00
2018-05-04,0,2922.50,2922.50,341.00
2018-05-08,0,2922.50,2922.50,330.50
2018-05-09,0,2922.50,2922.50,339.50
2018-05-10,0,2922.50,2922.50,340.00
2018-05-11,0,2922.50,2922.50,345.00
2018-05-14,0,2922.50,2922.50,354.50
2018-05-15,0,2922.50,2922.50,348.50
2018-05-16,0,2922.50,2922.50,342.00
2018-05-17,0,2922.50,2922.50,345.50
2018-05-18,0,2922.50,2922.50,344.00
2018-05-21,0,2922.50,2922.50,338.50
2018-05-23,0,2922.50,2922.50,343.50
2018-05-24,0,2922.50,2922.50,345.00
2018-05-25,0,2922.50,2922.50,352.50
2018-05-28,0,2922.50,2922.50,352.00
2018-05-29,0,2922.50,2922.50,343.50
2018-05-30,0,2922.50,2922.50,330.50
2018-05-31,0,2922.50,2922.50,338.50
2018-06-01,0,2922.50,2922.50,337.00
2018-06-04,0,2922.50,2922.50,363.00
2018-06-05,0,2922.50,2922.50,363.50
2018-06-07,0,2922.50,2922.50,368.50
2018-06-08,0,2922.50,2922.50,375.50
2018-06-11,0,2922.50,2922.50,377.00
2018-06-12,0,2922.50,2922.50,380.50
2018-06-14,0,2922.50,2922.50,370.00
2018-06-15,0,2922.50,2922.50,373.50
2018-06-18,0,2922.50,2922.50,366.50
2018-06-19,0,2922.50,2922.50,349.50
2018-06-20,0,2922.50,2922.50,353.50
2018-06-21,0,2922.50,2922.50,349.50
2018-06-22,0,2922.50,2922.50,343.00
2018-06-25,0,2922.50,2922.50,351.00
2018-06-26,0,2922.50,2922.50,348.50
2018-06-27,0,2922.50,2922.50,335.50
2018-06-28,0,2922.50,2922.50,334.00
2018-06-29,0,2922.50,2922.50,333.50
2018-07-02,0,2922.50,2922.50,317.50
2018-07-03,0,2922.50,2922.50,317.50
2018-07-04,0,2922.50,2922.50,317.50
2018-07-05,0,2922.50,2922.50,320.50
2018-07-06,0,2922.50,2922.50,322.00
2018-07-09,0,2922.50,2922.50,322.50
2018-07-10,0,2922.50,2922.50,325.50
2018-07-11,0,2922.50,2922.50,326.00
2018-07-12,0,2922.50,2922.50,323.50
2018-07-13,0,2922.50,2922.50,335.00
2018-07-16,0,2922.50,2922.50,328.00
2018-07-17,0,2922.50,2922.50,321.50
2018-07-18,0,2922.50,2922.50,331.00
2018-07-19,0,2922.50,2922.50,336.00
2018-07-20,0,2922.50,2922.50,332.50
2018-07-23,0,2922.50,2922.50,333.00
2018-07-24,0,2922.50,2922.50,330.50
2018-07-25,0,2922.50,2922.50,361.50
2018-07-26,0,2922.50,2922.50,372.50
2018-07-27,0,2922.50,2922.50,374.50
2018-07-30,0,2922.50,2922.50,377.00
2018-07-31,0,2922.50,2922.50,375.00
2018-08-01,0,2922.50,2922.50,374.50
2018-08-02,0,2922.50,2922.50,375.00
2018-08-03,0,2922.50,2922.50,391.00
2018-08-06,0,2922.50,2922.50,381.00
2018-08-07,0,2922.50,2922.50,383.00
2018-08-08,0,2922.50,2922.50,376.00
2018-08-09,0,2922.50,2922.50,385.00
2018-08-10,0,2922.50,2922.50,375.00
2018-08-13,0,2922.50,2922.50,368.00
2018-08-14,0,2922.50,2922.50,373.00
2018-08-16,0,2922.50,2922.50,367.50
2018-08-17,0,2922.50,2922.50,365.50
2018-08-20,1,2557.00,2923.00,366.00
2018-08-21,2,2191.00,2919.00,364.00
2018-08-22,3,1827.00,2890.50,354.50
2018-08-23,4,1472.50,2898.50,356.50
2018-08-24,5,1116.00,2946.00,366.00
2018-08-27,6,750.00,2982.00,372.00
2018-08-28,7,378.00,2940.00,366.00
2018-08-29,8,12.00,3004.00,374.00
2018-08-30,8,12.00,2920.00,363.50
2018-08-31,8,12.00,2940.00,366.00
2018-09-03,8,12.00,2956.00,368.00
2018-09-04,8,12.00,2952.00,367.50
2018-09-05,8,12.00,2876.00,358.00
2018-09-06,8,12.00,2820.00,351.00
2018-09-07,8,12.00,2828.00,352.00
2018-09-10,8,12.00,2788.00,347.00
2018-09-11,8,12.00,2740.00,341.00
2018-09-12,8,12.00,2760.00,343.50
2018-09-13,8,12.00,2812.00,350.00
2018-09-14,8,12.00,2828.00,352.00
2018-09-17,8,12.00,2844.00,354.00
2018-09-18,8,12.00,2948.00,367.00
2018-09-19,8,12.00,2892.00,360.00
2018-09-20,8,12.00,2900.00,361.00
2018-09-21,8,12.00,2948.00,367.00
2018-09-27,8,12.00,2972.00,370.00
2018-09-28,8,12.00,2936.00,365.50
2018-10-01,8,12.00,2960.00,368.50
2018-10-02,8,12.00,2836.00,353.00
2018-10-04,8,12.00,2648.00,329.50
2018-10-05,8,12.00,2604.00,324.00
2018-10-08,8,12.00,2584.00,321.50
2018-10-10,8,12.00,2540.00,316.00
2018-10-11,8,12.00,2468.00,307.00
2018-10-12,8,12.00,2536.00,315.50
2018-10-15,8,12.00,2608.00,324.50
2018-10-16,8,12.00,2560.00,318.50
2018-10-17,8,12.00,2612.00,325.00
2018-10-18,8,12.00,2548.00,317.00
2018-10-19,8,12.00,2652.00,330.00
2018-10-22,8,12.00,2712.00,337.50
2018-10-23,8,12.00,2644.00,329.00
2018-10-24,8,12.00,2656.00,330.50
2018-10-25,8,12.00,2728.00,339.50
2018-10-26,8,12.00,2604.00,324.00
2018-10-29,8,12.00,2696.00,335.50
2018-10-30,8,12.00,2720.00,338.50
2018-10-31,8,12.00,2788.00,347.00
2018-11-01,8,12.00,2724.00,339.00
2018-11-02,8,12.00,2876.00,358.00
2018-11-05,8,12.00,2860.00,356.00
2018-11-06,8,12.00,2812.00,350.00
2018-11-07,8,12.00,2732.00,340.00
2018-11-08,8,12.00,2692.00,335.00
2018-11-09,8,12.00,2632.00,327.50
2018-11-12,8,12.00,2680.00,333.50
2018-11-13,8,12.00,2696.00,335.50
2018-11-14,8,12.00,2732.00,340.00
2018-11-15,8,12.00,2748.00,342.00
2018-11-16,8,12.00,2768.00,344.50
2018-11-19,8,12.00,2776.00,345.50
2018-11-20,8,12.00,2728.00,339.50
2018-11-21,8,12.00,2736.00,340.50
2018-11-22,8,12.00,2716.00,338.00
2018-11-23,8,12.00,2640.00,328.50
2018-11-26,8,12.00,2692.00,335.00
2018-11-27,8,12.00,2756.00,343.00
2018-11-28,8,12.00,2788.00,347.00
2018-11-29,8,12.00,2792.00,347.50
2018-11-30,8,12.00,2776.00,345.50
2018-12-03,8,12.00,2932.00,365.00
2018-12-04,8,12.00,2880.00,358.50
2018-12-05,8,12.00,2848.00,354.50
2018-12-06,8,12.00,2840.00,353.50
2018-12-07,8,12.00,2824.00,351.50
2018-12-10,8,12.00,2772.00,345.00
2018-12-11,8,12.00,2808.00,349.50
2018-12-12,8,12.00,2812.00,350.00
2018-12-13,8,12.00,2852.00,355.00
2018-12-14,8,12.00,2824.00,351.50
2018-12-17,8,12.00,2824.00,351.50
2018-12-18,8,12.00,2732.00,340.00
2018-12-19,8,12.00,2832.00,352.50
2018-12-20,8,12.00,2764.00,344.00
2018-12-21,8,12.00,2880.00,358.50
2018-12-24,8,12.00,2872.00,357.50
2018-12-26,8,12.00,2836.00,353.00
2018-12-27,8,12.00,2788.00,347.00
2018-12-28,8,12.00,2788.00,347.00
2019-01-02,8,12.00,2708.00,337.00
2019-01-03,8,12.00,2636.00,328.00
2019-01-04,8,12.00,2656.00,330.50
2019-01-07,8,12.00,2756.00,343.00
2019-01-08,8,12.00,2808.00,349.50
2019-01-09,8,12.00,2828.00,352.00
2019-01-10,8,12.00,2788.00,347.00
2019-01-11,8,12.00,2804.00,349.00
2019-01-14,8,12.00,2816.00,350.50
2019-01-15,8,12.00,2860.00,356.00
2019-01-16,8,12.00,2940.00,366.00
2019-01-17,8,12.00,2892.00,360.00
2019-01-18,8,12.00,2960.00,368.50
2019-01-21,8,12.00,2972.00,370.00
2019-01-22,8,12.00,2940.00,366.00
2019-01-23,8,12.00,2964.00,369.00
2019-01-24,8,12.00,2952.00,367.50
2019-01-25,8,12.00,3000.00,373.50
2019-01-28,8,12.00,3008.00,374.50
2019-01-29,8,12.00,3036.00,378.00
2019-01-30,8,12.00,3044.00,379.00
2019-01-31,8,12.00,2956.00,368.00
2019-02-01,8,12.00,2956.00,368.00
2019-02-07,8,12.00,2968.00,369.50
2019-02-08,8,12.00,2972.00,370.00
2019-02-11,8,12.00,2988.00,372.00
2019-02-12,8,12.00,2984.00,371.50
2019-02-13,8,12.00,3036.00,378.00
2019-02-14,8,12.00,3052.00,380.00
2019-02-15,8,12.00,3052.00,380.00
2019-02-18,8,12.00,3140.00,391.00
2019-02-19,8,12.00,3132.00,390.00
2019-02-20,8,12.00,3168.00,394.50
2019-02-21,8,12.00,3112.00,387.50
2019-02-22,8,12.00,3080.00,383.50
2019-02-25,7,395.50,3094.00,385.50
2019-02-26,6,781.00,3097.00,386.00
2019-02-27,5,1167.00,3127.00,392.00
2019-02-28,4,1559.00,3121.00,390.50
2019-03-04,3,1949.50,3110.50,387.00
2019-03-05,2,2336.50,3083.50,373.50
2019-03-06,1,2710.00,3083.00,373.00
2019-03-07,0,3083.00,3083.00,366.00
2019-03-08,0,3083.00,3083.00,364.50
2019-03-11,0,3083.00,3083.00,361.00
2019-03-12,0,3083.00,3083.00,365.50
2019-03-13,0,3083.00,3083.00,363.00
2019-03-14,0,3083.00,3083.00,370.00
2019-03-15,0,3083.00,3083.00,370.50
2019-03-18,0,3083.00,3083.00,366.00
2019-03-19,0,3083.00,3083.00,369.50
2019-03-20,0,3083.00,3083.00,363.00
2019-03-21,0,3083.00,3083.00,382.00
2019-03-22,0,3083.00,3083.00,379.50
2019-03-25,0,3083.00,3083.00,367.00
2019-03-26,0,3083.00,3083.00,366.50
2019-03-27,0,3083.00,3083.00,362.50
2019-03-28,0,3083.00,3083.00,361.00
2019-03-29,0,3083.00,3083.00,366.00
2019-04-01,0,3083.00,3083.00,370.50
2019-04-02,0,3083.00,3083.00,372.00
2019-04-03,0,3083.00,3083.00,376.50
2019-04-04,0,3083.00,3083.00,376.50
2019-04-05,0,3083.00,3083.00,377.50
2019-04-08,0,3083.00,3083.00,383.50
2019-04-09,0,3083.00,3083.00,387.00
2019-04-10,0,3083.00,3083.00,389.00
2019-04-11,0,3083.00,3083.00,388.50
2019-04-12,0,3083.00,3083.00,380.00
2019-04-15,0,3083.00,3083.00,374.00
2019-04-16,0,3083.00,3083.00,373.50
2019-04-17,0,3083.00,3083.00,371.00
2019-04-18,0,3083.00,3083.00,369.00
2019-04-19,0,3083.00,3083.00,366.50
2019-04-22,0,3083.00,3083.00,370.50
2019-04-23,0,3083.00,3083.00,371.00
2019-04-24,0,3083.00,3083.00,361.50
2019-04-25,0,3083.00,3083.00,365.00
2019-04-26,0,3083.00,3083.00,358.50
2019-04-29,0,3083.00,3083.00,365.00
2019-04-30,0,3083.00,3083.00,361.00
2019-05-02,0,3083.00,3083.00,359.00
2019-05-03,0,3083.00,3083.00,364.50
2019-05-07,0,3083.00,3083.00,358.00
2019-05-08,0,3083.00,3083.00,356.00
2019-05-09,0,3083.00,3083.00,343.00
2019-05-10,0,3083.00,3083.00,344.00
2019-05-13,0,3083.00,3083.00,333.00
2019-05-14,0,3083.00,3083.00,331.50
2019-05-15,0,3083.00,3083.00,340.50
2019-05-16,0,3083.00,3083.00,335.50
2019-05-17,0,3083.00,3083.00,334.00
2019-05-20,0,3083.00,3083.00,330.00
2019-05-21,0,3083.00,3083.00,329.50
2019-05-22,0,3083.00,3083.00,332.00
2019-05-23,0,3083.00,3083.00,327.00
2019-05-24,0,3083.00,3083.00,325.50
2019-05-27,1,2757.50,3083.50,326.00
2019-05-28,2,2431.50,3083.50,326.00
2019-05-29,3,2105.50,3074.50,323.00
2019-05-30,4,1782.50,3092.50,327.50
2019-05-31,5,1455.00,3120.00,333.00
2019-06-03,6,1122.00,3144.00,337.00
2019-06-04,7,785.00,3147.50,337.50
2019-06-05,8,447.50,3099.50,331.50
2019-06-07,9,116.00,3090.50,330.50
2019-06-10,9,116.00,3149.00,337.00
2019-06-11,9,116.00,3185.00,341.00
2019-06-12,9,116.00,3149.00,337.00
2019-06-13,9,116.00,3257.00,349.00
2019-06-14,9,116.00,3216.50,344.50
2019-06-17,9,116.00,3252.50,348.50
2019-06-18,9,116.00,3225.50,345.50
2019-06-19,9,116.00,3252.50,348.50
2019-06-20,9,116.00,3284.00,352.00
2019-06-21,9,116.00,3248.00,348.00
2019-06-24,9,116.00,3252.50,348.50
2019-06-25,9,116.00,3284.00,352.00
2019-06-26,9,116.00,3243.50,347.50
2019-06-27,9,116.00,3261.50,349.50
