Date,Open,High,Low,Close,Adj Close,Volume
2012-01-27,41500,42700,41050,42450,42450,2677751
2012-01-30,42450,43200,42200,42800,42800,2016438
2012-01-31,42700,42900,41650,42600,42600,1768103
2012-02-01,42100,42600,41700,42150,42150,1882789
2012-02-02,43200,43900,42900,43400,43400,2449911
2012-02-03,43550,44000,42850,43900,43900,1566072
2012-02-06,44350,44750,43750,44100,44100,2194743
2012-02-07,44500,44600,42850,43450,43450,1685401
2012-02-08,43100,44500,42800,44300,44300,1919173
2012-02-09,44400,45000,43750,45000,45000,1747337
2012-02-10,44450,44800,43300,44000,44000,1764742
2012-02-13,43700,44300,43400,43650,43650,1002067
2012-02-14,43250,44000,42700,44000,44000,1882039
2012-02-15,43800,44300,43600,43900,43900,1355538
2012-02-16,43200,43600,41900,42300,42300,2378738
2012-02-17,43000,43050,42250,42700,42700,1973893
2012-02-20,43200,43250,42000,42150,42150,1569921
2012-02-21,41850,42350,40750,41350,41350,2559244
2012-02-22,40900,41150,40150,40700,40700,2242585
2012-02-23,40900,40950,40200,40650,40650,1547461
2012-02-24,40500,41500,40500,41300,41300,1665554
2012-02-27,40950,41350,40350,40900,40900,1108220
2012-02-28,40700,41600,40700,41350,41350,1010045
2012-02-29,41500,41650,41050,41200,41200,1402288
2012-03-02,41750,42000,41200,41450,41450,1084372
2012-03-05,41900,41900,40600,40950,40950,952362
2012-03-06,41000,41200,40000,40450,40450,1156550
2012-03-07,39950,40450,39600,40350,40350,957150
2012-03-08,40400,41300,40000,41200,41200,1942374
2012-03-09,41650,41650,40550,40800,40800,1144231
2012-03-12,40650,40800,39900,40350,40350,1600784
2012-03-13,40500,41800,40250,41550,41550,3255731
2012-03-14,42750,43350,42550,43150,43150,3345098
2012-03-15,43200,44050,42900,43650,43650,1995477
2012-03-16,43800,43900,43150,43400,43400,1056700
2012-03-19,43800,44400,43150,43300,43300,1943152
2012-03-20,43300,43800,42400,42750,42750,1096613
2012-03-21,42550,44050,42150,43650,43650,1732262
2012-03-22,43450,44500,43300,44100,44100,1739061
2012-03-23,44100,44500,43200,43500,43500,1552772
2012-03-26,43600,43950,43250,43650,43650,1028232
2012-03-27,44000,44150,43350,43500,43500,1225903
2012-03-28,43000,43250,42600,43000,43000,1083091
2012-03-29,42550,42750,41700,42250,42250,1212810
2012-03-30,41450,41800,40950,41350,41350,2320750
2012-04-02,41900,42800,41500,42500,42500,1634557
2012-04-03,42750,42800,42150,42300,42300,1348538
2012-04-04,42750,43950,42600,43000,43000,7556116
2012-04-05,43300,43800,42700,43500,43500,1740436
2012-04-06,43400,43400,42150,42700,42700,1067761
2012-04-09,42200,42300,41100,41600,41600,1067416
2012-04-10,41600,42200,41250,41500,41500,1027689
2012-04-12,42100,42400,41550,42150,42150,1583605
2012-04-13,42500,43200,42150,43150,43150,1408965
2012-04-16,42750,42750,41950,42200,42200,787609
2012-04-17,42100,42700,42050,42500,42500,898783
2012-04-18,43250,43350,42300,42350,42350,598218
2012-04-19,41900,42650,41250,41800,41800,827778
2012-04-20,40900,41400,40750,40900,40900,1059935
2012-04-23,40550,41500,40550,41500,41500,684326
2012-04-24,41100,41150,40600,41000,41000,901243
2012-04-25,41550,41650,40200,40500,40500,1061447
2012-04-26,40650,40800,40000,40100,40100,1226428
2012-04-27,40250,40350,39450,40000,40000,1268417
2012-04-30,40200,40200,38050,38500,38500,2605806
2012-05-02,38500,39100,38050,38800,38800,1878443
2012-05-03,38650,39550,38600,39000,39000,1364417
2012-05-04,39250,39850,38950,39000,39000,849138
2012-05-07,38200,38450,37850,38000,38000,1229154
2012-05-08,38250,39350,38050,39050,39050,1258859
2012-05-09,39000,39100,38550,38700,38700,790475
2012-05-10,38250,38650,38200,38400,38400,786648
2012-05-11,38400,38450,37850,37850,37850,886223
2012-05-14,37800,38100,37300,37750,37750,856054
2012-05-15,36900,37600,36900,37200,37200,939428
2012-05-16,37100,37400,36650,36700,36700,1033605
2012-05-17,36950,37700,36600,36650,36650,1232946
2012-05-18,36000,36300,34900,35400,35400,2034341
2012-05-21,35700,35700,35000,35300,35300,755419
2012-05-22,36000,36800,35650,36200,36200,1956073
2012-05-23,36150,36700,35900,35950,35950,1422657
2012-05-24,36000,36550,35950,36250,36250,890267
2012-05-25,36650,36750,36100,36250,36250,1141006
2012-05-29,36100,37000,36050,36550,36550,1605227
2012-05-30,36700,36850,36200,36650,36650,972441
2012-05-31,36150,37000,35700,36900,36900,1017715
2012-06-01,36550,36900,36250,36850,36850,692256
2012-06-04,35800,36500,35750,36000,36000,967094
2012-06-05,36000,37100,35950,36750,36750,1047599
2012-06-07,37900,38350,37750,38100,38100,1609527
2012-06-08,37900,38150,37300,37800,37800,855349
2012-06-11,38350,39250,38350,39150,39150,1332293
2012-06-12,38300,38900,38300,38500,38500,825134
2012-06-13,38700,38800,38100,38500,38500,694275
2012-06-14,38050,38950,38050,38900,38900,1376195
2012-06-15,39050,39450,38550,39350,39350,1162308
2012-06-18,39950,40350,39700,40200,40200,1303495
2012-06-19,39750,40050,39350,39600,39600,1057236
2012-06-20,39900,39950,39350,39950,39950,638758
2012-06-21,39350,39700,38600,38900,38900,1291059
2012-06-22,38100,38400,37300,37450,37450,1642961
2012-06-25,37100,37350,36650,37300,37300,804220
2012-06-26,36700,37200,36550,36750,36750,1136621
2012-06-27,36850,36850,35900,36100,36100,2073508
2012-06-28,36300,36450,35550,35800,35800,1270297
2012-06-29,35700,37100,35650,36900,36900,2037651
2012-07-02,37450,37500,36850,36850,36850,1299568
2012-07-03,37000,38850,36900,38200,38200,2128559
2012-07-04,38300,38450,37700,37950,37950,915229
2012-07-05,37600,37850,37000,37550,37550,1297945
2012-07-06,37650,37650,36900,37400,37400,859480
2012-07-09,37100,37200,36450,36900,36900,830261
2012-07-10,36500,37150,36350,36800,36800,817331
2012-07-11,36900,37200,36650,36650,36650,560039
2012-07-12,36650,36950,35850,35850,35850,1455860
2012-07-13,36300,36300,35650,35850,35850,1247281
2012-07-16,36150,36250,35600,35650,35650,915410
2012-07-17,35750,36650,35500,36100,36100,946437
2012-07-18,36100,36150,35300,35300,35300,1423022
2012-07-19,35600,35750,34350,34800,34800,2881827
2012-07-20,34500,34850,33950,34650,34650,1668938
2012-07-23,34000,34200,33200,33400,33400,1663463
2012-07-24,33050,33550,33000,33400,33400,1580845
2012-07-25,32950,33300,32500,33000,33000,859665
2012-07-26,33050,34000,33050,33800,33800,1401275
2012-07-27,34500,35100,34150,34500,34500,1573628
2012-07-30,35000,35700,34900,35350,35350,1673086
2012-07-31,35350,36250,34800,36150,36150,1487578
2012-08-01,35800,36100,35400,35450,35450,1111477
2012-08-02,35800,35850,35150,35600,35600,542951
2012-08-03,34950,35050,34400,34950,34950,1182815
2012-08-06,35550,35750,35100,35450,35450,844722
2012-08-07,35450,35650,35100,35550,35550,783293
2012-08-08,36200,36500,35950,36200,36200,2065487
2012-08-09,36450,37500,36350,37350,37350,3247568
2012-08-10,37350,37700,37300,37600,37600,1054928
2012-08-13,37850,37850,37050,37200,37200,778499
2012-08-14,37500,37800,36800,37550,37550,1156321
2012-08-16,37100,37650,36900,37650,37650,885446
2012-08-17,37700,37800,36950,37100,37100,1199337
2012-08-20,37350,37600,37100,37500,37500,714929
2012-08-21,37700,37850,37400,37450,37450,531341
2012-08-22,37550,37700,37000,37400,37400,993228
2012-08-23,37700,38750,37250,38450,38450,1541922
2012-08-24,37700,37800,36800,36800,36800,1800189
2012-08-27,36950,38500,36900,38150,38150,1859400
2012-08-28,38700,38950,37800,38000,38000,1566828
2012-08-29,37950,38400,37550,38050,38050,1080895
2012-08-30,37600,38000,37150,37800,37800,889010
2012-08-31,36950,37250,36700,36750,36750,1139609
2012-09-03,36650,36950,36000,36650,36650,1008638
2012-09-04,36300,37000,36300,36950,36950,917549
2012-09-05,36600,36800,36050,36300,36300,861677
2012-09-06,36100,36550,35950,36500,36500,705929
2012-09-07,38500,38600,37800,38250,38250,2788216
2012-09-10,38600,39250,38350,38350,38350,1733046
2012-09-11,38050,38200,37900,38150,38150,980241
2012-09-12,38450,39250,38350,39000,39000,1632928
2012-09-13,38500,39200,38400,38850,38850,1376994
2012-09-14,40300,40800,39850,40500,40500,3150679
2012-09-17,40850,41750,40650,41200,41200,2132845
2012-09-18,41050,41200,40450,41150,41150,1113157
2012-09-19,40850,41850,40500,41650,41650,1210638
2012-09-20,41200,41850,41150,41400,41400,639408
2012-09-21,41300,41700,40550,41050,41050,935360
2012-09-24,40350,40500,39600,39900,39900,1424899
2012-09-25,39700,40200,39500,39800,39800,727886
2012-09-26,39300,39750,39000,39500,39500,845629
2012-09-27,39500,40000,39150,39500,39500,711362
2012-09-28,39700,39900,39100,39700,39700,837838
2012-10-02,39300,40150,39150,39250,39250,692815
2012-10-04,38650,39150,38050,38600,38600,1489799
2012-10-05,38750,38950,38450,38500,38500,764353
2012-10-08,38450,38500,37900,38100,38100,906340
2012-10-09,38350,38500,38050,38100,38100,463098
2012-10-10,37500,37650,37000,37400,37400,1382238
2012-10-11,37100,37550,36950,37150,37150,927669
2012-10-12,37550,37650,37150,37500,37500,937220
2012-10-15,37100,38050,37000,37750,37750,848738
2012-10-16,38100,38550,37650,38200,38200,762494
2012-10-17,38300,38850,38250,38750,38750,729984
2012-10-18,38950,39450,38850,39250,39250,1167435
2012-10-19,39600,39600,38950,39000,39000,594947
2012-10-22,38500,39000,38050,39000,39000,561089
2012-10-23,38700,38850,37450,38100,38100,1345932
2012-10-24,37650,38200,37450,37750,37750,780976
2012-10-25,37300,37600,36850,37300,37300,1030271
2012-10-26,37200,37950,37000,37000,37000,805945
2012-10-29,37050,37900,37050,37850,37850,680918
2012-10-30,37250,37750,37050,37050,37050,1014997
2012-10-31,37200,37500,36900,37100,37100,730720
2012-11-01,36700,37050,36100,36200,36200,1339179
2012-11-02,36700,37200,36300,37200,37200,753893
2012-11-05,37400,37450,36800,37000,37000,531637
2012-11-06,36700,37400,36600,37250,37250,770574
2012-11-07,37200,37400,36450,36900,36900,1166393
2012-11-08,36250,36650,35700,36150,36150,1749144
2012-11-09,35650,36200,35350,35900,35900,851352
2012-11-12,35600,35750,35200,35700,35700,901532
2012-11-13,35800,35800,35150,35400,35400,605878
2012-11-14,35500,35650,35150,35150,35150,935506
2012-11-15,35000,35250,34550,34950,34950,1042006
2012-11-16,34950,35200,34700,34850,34850,704184
2012-11-19,34950,35150,34800,34800,34800,717680
2012-11-20,35150,35250,34750,34900,34900,622907
2012-11-21,34700,34750,33900,34350,34350,1341544
2012-11-22,34650,35100,34450,34900,34900,825735
2012-11-23,34600,34900,34350,34850,34850,730023
2012-11-26,34850,34850,34350,34500,34500,688078
2012-11-27,34450,35300,34450,35050,35050,1368326
2012-11-28,34300,34700,34000,34350,34350,1618173
2012-11-29,34550,35450,34450,35350,35350,1092513
2012-11-30,35150,36200,35000,35650,35650,1651384
2012-12-03,35300,35900,35300,35700,35700,791350
2012-12-04,35350,35450,35100,35250,35250,582701
2012-12-05,35400,35900,35200,35650,35650,826745
2012-12-06,35400,36200,35200,36000,36000,1783080
2012-12-07,36150,36350,35900,36150,36150,774043
2012-12-10,35300,35950,35250,35950,35950,1032723
2012-12-11,35750,36600,35600,36350,36350,1859558
2012-12-12,36350,36800,36250,36700,36700,1605010
2012-12-13,36350,37700,36300,37700,37700,2644675
2012-12-14,37400,37700,37150,37700,37700,1096620
2012-12-17,37700,38050,37500,37550,37550,1010614
2012-12-18,37600,38250,37600,38200,38200,1346533
2012-12-20,37100,38400,37100,38350,38350,2946951
2012-12-21,38500,38800,37750,38200,38200,1427105
2012-12-24,38200,38200,37500,37800,37800,945805
2012-12-26,38000,38050,37700,37800,37800,797067
2012-12-27,37500,37600,36950,37600,37600,1049509
2012-12-28,37200,38050,37200,37900,37900,954400
2013-01-02,38300,39000,38050,38800,38800,1406360
2013-01-03,39000,39450,38400,39300,39300,1859176
2013-01-04,38900,39300,38800,39150,39150,1025815
2013-01-07,39350,39850,39200,39850,39850,1154847
2013-01-08,39450,39600,38750,38750,38750,1105167
2013-01-09,38500,38700,37950,38200,38200,1214893
2013-01-10,38000,38300,37550,38250,38250,884982
2013-01-11,38350,38550,37800,37850,37850,590885
2013-01-14,37650,38850,37650,38800,38800,1066084
2013-01-15,38300,39150,38150,38200,38200,746959
2013-01-16,38500,38900,38200,38500,38500,783658
2013-01-17,38800,38900,38500,38850,38850,636684
2013-01-18,39250,39650,39050,39400,39400,1018230
2013-01-21,39150,40200,39100,40000,40000,1430299
2013-01-22,40050,40350,39800,40100,40100,961513
2013-01-23,39950,40150,39500,39500,39500,851425
2013-01-24,39500,39550,38950,39400,39400,935404
2013-01-25,39450,39650,38950,39500,39500,1224210
2013-01-28,39800,40950,39500,40750,40750,2371889
2013-01-29,40400,40750,39600,39900,39900,1480886
2013-01-30,39900,40050,39400,39850,39850,862211
2013-01-31,39250,39450,38350,38900,38900,2181927
2013-02-01,38550,38850,38250,38800,38800,1142143
2013-02-04,39300,39400,38700,38700,38700,732602
2013-02-05,37750,38300,37700,38150,38150,1346951
2013-02-06,38100,38150,37400,37800,37800,1594166
2013-02-07,37400,37900,37200,37300,37300,783536
2013-02-08,37300,37850,37200,37550,37550,1083261
2013-02-12,37600,38150,37450,37700,37700,541899
2013-02-13,37800,38600,37800,38200,38200,904047
2013-02-14,38450,38500,37700,38000,38000,1687908
2013-02-15,37450,37650,37050,37200,37200,23081361
2013-02-18,37050,37400,37050,37350,37350,1564322
2013-02-19,37250,37600,37250,37550,37550,1240348
2013-02-20,37700,38850,37700,38700,38700,2960770
2013-02-21,38400,38850,38050,38500,38500,1600853
2013-02-22,38300,39050,38200,38650,38650,1541719
2013-02-25,38900,39050,38600,39000,39000,978140
2013-02-26,38650,38800,38400,38750,38750,1040936
2013-02-27,38750,39000,38500,38850,38850,1059881
2013-02-28,39050,39550,38900,39500,39500,2105749
2013-03-04,39500,39950,39150,39200,39200,1578013
2013-03-05,39250,39500,38650,38850,38850,1452272
2013-03-06,39500,39750,39250,39250,39250,1633302
2013-03-07,39250,39300,38800,39000,39000,1221964
2013-03-08,39050,39250,38700,39000,39000,1327998
2013-03-11,39000,39000,38300,38700,38700,1219230
2013-03-12,38700,38950,38400,38400,38400,685005
2013-03-13,38050,38400,37800,38050,38050,1252357
2013-03-14,38000,38200,37500,38200,38200,1021057
2013-03-15,38050,38350,37700,38000,38000,1253720
2013-03-18,37800,38100,37600,37700,37700,1040808
2013-03-19,37600,37700,37200,37400,37400,1524258
2013-03-20,37200,37200,36500,36550,36550,1918578
2013-03-21,36750,36850,35850,36150,36150,1863485
2013-03-22,35950,36650,35950,36250,36250,1071843
2013-03-25,36500,37100,36450,36800,36800,1914770
2013-03-26,36750,37050,36550,36750,36750,1326987
2013-03-27,36950,37200,36650,37000,37000,966985
2013-03-28,36950,37250,36750,37000,37000,1212234
2013-03-29,37500,38000,37350,37500,37500,1117936
2013-04-01,37500,37750,37250,37350,37350,595224
2013-04-02,37550,37850,36650,37300,37300,2024869
2013-04-03,37400,37400,37000,37400,37400,839721
2013-04-04,37350,37400,36450,37000,37000,1157522
2013-04-05,36550,36650,36100,36200,36200,1259975
2013-04-08,36300,36350,35700,36150,36150,899765
2013-04-09,35700,36350,35700,36000,36000,1184366
2013-04-10,37150,37150,36300,36450,36450,1100392
2013-04-11,36700,36900,36500,36850,36850,729446
2013-04-12,37000,37200,36150,36300,36300,1002952
2013-04-15,36050,36100,35400,35800,35800,1028311
2013-04-16,35400,36000,35250,35550,35550,1346600
2013-04-17,35450,35550,34850,35200,35200,1423908
2013-04-18,34700,35100,34500,34850,34850,1117635
2013-04-19,35000,35600,34900,35150,35150,833722
2013-04-22,35000,35900,35000,35750,35750,950132
2013-04-23,35750,35950,35400,35750,35750,835893
2013-04-24,35850,35950,35500,35800,35800,923699
2013-04-25,35950,35950,35350,35550,35550,1190624
2013-04-26,35300,35400,35050,35350,35350,798215
2013-04-29,35150,35400,34900,35150,35150,777790
2013-04-30,35500,36000,35450,36000,36000,1327587
2013-05-02,36000,36000,34800,35200,35200,1662360
2013-05-03,35100,35250,34750,34900,34900,1002721
2013-05-06,35300,35550,35100,35200,35200,789650
2013-05-07,35200,35450,34950,35250,35250,719716
2013-05-08,35400,35750,35150,35150,35150,1014669
2013-05-09,35550,36450,35350,36250,36250,1846679
2013-05-10,36400,37000,36000,36150,36150,1787511
2013-05-13,36100,36350,35800,35900,35900,474084
2013-05-14,35850,36350,35850,36200,36200,928121
2013-05-15,36600,36750,36200,36550,36550,1404939
2013-05-16,36550,37250,36500,36900,36900,1924908
2013-05-20,37300,37400,36900,37350,37350,1113289
2013-05-21,37350,37450,36900,37000,37000,735084
2013-05-22,37250,37500,37100,37350,37350,837839
2013-05-23,37300,37300,36650,36850,36850,680533
2013-05-24,37450,37600,36950,37300,37300,1087944
2013-05-27,37100,37500,37000,37400,37400,501404
2013-05-28,37500,37500,37100,37450,37450,825816
2013-05-29,37450,37650,37350,37600,37600,1392955
2013-05-30,37350,37700,37200,37500,37500,941780
2013-05-31,37450,37750,36950,36950,36950,1112184
2013-06-03,37200,37450,36900,37200,37200,945027
2013-06-04,37200,37350,36850,36850,36850,668579
2013-06-05,37050,37050,36200,36200,36200,1540829
2013-06-07,36950,37150,36200,36250,36250,1204510
2013-06-10,36350,36650,36200,36600,36600,525423
2013-06-11,36750,36750,36300,36500,36500,669345
2013-06-12,36400,36650,36100,36250,36250,763584
2013-06-13,36000,36200,35500,35650,35650,1510247
2013-06-14,35550,35900,35400,35750,35750,940391
2013-06-17,35600,35750,35350,35750,35750,809238
2013-06-18,35600,35850,35350,35650,35650,703080
2013-06-19,35550,35650,35200,35550,35550,739972
2013-06-20,35350,35350,34800,35050,35050,1142880
2013-06-21,34200,34950,34150,34400,34400,1205773
2013-06-24,34200,34550,33750,34000,34000,866331
2013-06-25,33600,34800,33550,34000,34000,1753432
2013-06-26,34050,34250,33550,33650,33650,2004842
2013-06-27,33550,34000,33550,33850,33850,2281655
2013-06-28,33850,34350,33800,34200,34200,1399284
2013-07-01,33900,34150,33750,33850,33850,1290685
2013-07-02,33950,34150,33600,33800,33800,1231809
2013-07-03,33800,34200,32650,32800,32800,2253032
2013-07-04,32800,32950,32450,32600,32600,1346624
2013-07-05,33100,33450,33000,33000,33000,932909
2013-07-08,33050,34100,33050,34100,34100,1578169
2013-07-09,34200,34200,33700,34050,34050,889007
2013-07-10,34200,34250,33600,34250,34250,759612
2013-07-11,35000,35450,34450,35300,35300,2130979
2013-07-12,35100,35600,34850,35450,35450,883169
2013-07-15,35100,35450,34550,35200,35200,623995
2013-07-16,35000,35400,34650,34950,34950,959926
2013-07-17,34350,34900,33750,34500,34500,3156961
2013-07-18,34250,34250,33900,34100,34100,1001663
2013-07-19,34250,34600,33900,34600,34600,1197867
2013-07-22,34750,35000,34250,34850,34850,962986
2013-07-23,35350,36050,35250,36000,36000,2367147
2013-07-24,35950,36150,35800,36150,36150,802459
2013-07-25,36100,36100,35500,35750,35750,552147
2013-07-26,35600,36000,35400,35650,35650,537177
2013-07-29,35200,35700,35100,35500,35500,594018
2013-07-30,35600,36050,35300,35850,35850,551017
2013-07-31,35600,36100,35300,35600,35600,2129812
2013-08-01,35950,36550,35300,36250,36250,1439362
2013-08-02,36800,37700,36550,36800,36800,1835752
2013-08-05,36750,37000,36550,36700,36700,478480
2013-08-06,36500,36700,35800,36550,36550,846811
2013-08-07,36050,36200,35850,35900,35900,751606
2013-08-08,35900,36700,35850,36400,36400,654426
2013-08-09,36000,36900,35650,36550,36550,979933
2013-08-12,36150,36500,35850,36150,36150,707706
2013-08-13,36100,36400,35850,36150,36150,773864
2013-08-14,36350,36350,35750,36100,36100,930177
2013-08-16,35950,36100,35650,35950,35950,511757
2013-08-19,35650,36050,35450,35650,35650,885981
2013-08-20,35600,36200,35450,35650,35650,848485
2013-08-21,35700,35900,35050,35400,35400,829128
2013-08-22,34900,35250,34600,34800,34800,1159364
2013-08-23,34350,35000,34300,34900,34900,845294
2013-08-26,34600,35200,34550,34700,34700,818397
2013-08-27,34400,34600,34250,34450,34450,1199262
2013-08-28,34000,34150,33700,34150,34150,851461
2013-08-29,34150,35250,34150,35000,35000,1853708
2013-08-30,35100,35800,35100,35700,35700,1639218
2013-09-02,35500,35850,35400,35500,35500,805849
2013-09-03,35600,36250,35600,36200,36200,1300890
2013-09-04,35800,36350,35650,36000,36000,932232
2013-09-05,36000,36350,35750,36100,36100,1053159
2013-09-06,36300,36350,35700,35800,35800,786497
2013-09-09,36400,36800,36300,36550,36550,1458242
2013-09-10,36900,37150,31100,36950,36950,1841350
2013-09-11,36950,37250,36800,37250,37250,1083003
2013-09-12,37100,37550,36900,36900,36900,1473567
2013-09-13,36900,37300,36600,37100,37100,986020
2013-09-16,37500,37950,37350,37650,37650,1351500
2013-09-17,37650,38200,37500,38050,38050,1372341
2013-09-23,38250,39050,37650,38800,38800,1982851
2013-09-24,38350,38700,37950,38600,38600,838064
2013-09-25,38800,38850,37900,38050,38050,1358635
2013-09-26,38050,38750,37750,38600,38600,869665
2013-09-27,38900,39050,38350,38550,38550,1391468
2013-09-30,38550,38550,37600,37600,37600,1165883
2013-10-01,37300,38350,37300,38000,38000,1104524
2013-10-02,38450,38650,38100,38200,38200,831425
2013-10-04,39000,39000,38450,38450,38450,1252891
2013-10-07,38450,38950,38150,38650,38650,953093
2013-10-08,38500,38550,37750,38350,38350,595619
2013-10-10,38500,38600,37600,37700,37700,933878
2013-10-11,38250,39950,38100,39950,39950,3548629
2013-10-14,39700,40200,39650,39700,39700,959487
2013-10-15,39500,40200,39500,40100,40100,996877
2013-10-16,40100,41950,40000,41650,41650,2547572
2013-10-17,42250,43150,41950,42900,42900,3026695
2013-10-18,42500,43950,42500,43950,43950,1897318
2013-10-21,43950,44250,42900,43300,43300,1487109
2013-10-22,43000,43250,42650,42900,42900,1671519
2013-10-23,42600,42900,41300,41400,41400,2067209
2013-10-24,41700,42250,41250,42200,42200,1196531
2013-10-25,42000,42200,41300,42000,42000,1085371
2013-10-28,41450,41850,40800,41600,41600,1451393
2013-10-29,41200,41800,40650,41500,41500,1027743
2013-10-30,41750,42650,41200,42400,42400,1133059
2013-10-31,41950,42300,41050,42000,42000,1017542
2013-11-01,41800,41900,40800,41150,41150,1086062
2013-11-04,41150,41150,39700,40250,40250,1347629
2013-11-05,39900,40500,39700,39950,39950,674053
2013-11-06,40000,40000,39300,39950,39950,707629
2013-11-07,40200,40200,39350,39700,39700,666786
2013-11-08,40000,40000,38950,39450,39450,1000788
2013-11-11,39450,39950,39150,39150,39150,544256
2013-11-12,39700,39950,39150,39450,39450,709770
2013-11-13,39550,39850,38000,38750,38750,1247962
2013-11-14,38750,39000,38000,38400,38400,1371091
2013-11-15,38900,40300,38750,39950,39950,1722783
2013-11-18,39650,40250,39150,40100,40100,941283
2013-11-19,39550,40900,39550,40300,40300,781672
2013-11-20,39950,40500,39700,40200,40200,875082
2013-11-21,39950,40050,39300,39850,39850,743656
2013-11-22,39900,40300,39700,39950,39950,555962
2013-11-25,39750,40550,39650,40100,40100,808387
2013-11-26,40000,40000,39000,39750,39750,793135
2013-11-27,39750,39750,39100,39450,39450,940986
2013-11-28,39500,39850,39200,39700,39700,709688
2013-11-29,39400,39800,39400,39700,39700,546711
2013-12-02,40300,41250,39900,40000,40000,657625
2013-12-03,39700,40050,39350,39900,39900,821596
2013-12-04,39900,39900,39300,39650,39650,540565
2013-12-05,39450,39700,38650,39400,39400,965177
2013-12-06,39450,39600,39000,39400,39400,399317
2013-12-09,40000,40350,39700,40250,40250,946354
2013-12-10,40550,40550,39950,40350,40350,697041
2013-12-11,39800,39900,39100,39350,39350,800896
2013-12-12,39150,39500,38800,39300,39300,812388
2013-12-13,38750,39350,38050,39350,39350,601201
2013-12-16,38800,39250,38500,38800,38800,580099
2013-12-17,38800,39250,38650,39250,39250,520319
2013-12-18,39350,40200,39200,39950,39950,1228831
2013-12-19,40400,40750,39750,39950,39950,905129
2013-12-20,39750,40900,39750,40500,40500,917694
2013-12-23,40950,41650,40750,41000,41000,1014772
2013-12-24,41300,41550,40400,40950,40950,1285275
2013-12-26,41200,41250,40700,41250,41250,1065573
2013-12-27,41000,41450,40450,41350,41350,819397
2013-12-30,41050,42450,41050,42250,42250,1339335
2014-01-02,42600,43150,41450,42100,42100,1123603
2014-01-03,41750,41850,40250,40700,40700,1032878
2014-01-06,40650,40900,39950,40250,40250,817289
2014-01-07,40050,40650,39850,40300,40300,621960
2014-01-08,40450,41400,40200,40750,40750,752629
2014-01-09,40900,41250,40400,40600,40600,848412
2014-01-10,40450,40650,39500,39600,39600,806108
2014-01-13,39800,40100,39650,39850,39850,527477
2014-01-14,39700,39950,39000,39300,39300,731067
2014-01-15,39500,40050,39400,40000,40000,704364
2014-01-16,40050,40250,39400,39500,39500,722335
2014-01-17,39750,39750,39000,39100,39100,590308
2014-01-20,38800,39050,38400,39050,39050,785306
2014-01-21,39050,39400,38800,39250,39250,1062137
2014-01-22,39250,39550,38200,38700,38700,1604220
2014-01-23,38450,38800,37750,37800,37800,1971872
2014-01-24,37600,38250,37250,37800,37800,2496616
2014-01-27,37200,37300,36400,36850,36850,2547082
2014-01-28,36900,36900,35900,35900,35900,2823625
2014-01-29,36050,37350,36050,37200,37200,2578858
2014-02-03,36200,36850,35750,36150,36150,1884828
2014-02-04,35550,36050,35350,36050,36050,1405339
2014-02-05,36450,36650,36100,36300,36300,1150997
2014-02-06,36350,36850,36350,36850,36850,780233
2014-02-07,37000,37100,36600,37100,37100,919777
2014-02-10,37100,37150,36000,36300,36300,1244572
2014-02-11,36100,36450,35800,36250,36250,1015417
2014-02-12,36450,37300,36350,36850,36850,1122339
2014-02-13,36800,37100,36200,36300,36300,724893
2014-02-14,36250,36900,36250,36450,36450,902107
2014-02-17,36950,38550,36700,38450,38450,2660233
2014-02-18,38300,38800,37700,38700,38700,1227189
2014-02-19,38350,38800,38000,38250,38250,777652
2014-02-20,37800,38050,37300,37300,37300,1227120
2014-02-21,37550,38650,37550,38600,38600,1244563
2014-02-24,38700,39200,38350,38900,38900,1132399
2014-02-25,39200,39650,39050,39200,39200,1204992
2014-02-26,38700,39900,38700,39900,39900,1449927
2014-02-27,39450,39850,38850,39500,39500,922639
2014-02-28,39100,40600,39000,39900,39900,1777610
2014-03-03,39350,39650,38950,39250,39250,1024499
2014-03-04,39200,39550,39000,39300,39300,420709
2014-03-05,39850,39850,39400,39550,39550,702944
2014-03-06,39650,40350,39300,40350,40350,1295085
2014-03-07,40100,40400,39050,39150,39150,1072687
2014-03-10,38850,38950,37850,38000,38000,1271043
2014-03-11,38300,38550,37750,38250,38250,967931
2014-03-12,38000,38000,36800,36850,36850,1946141
2014-03-13,37250,37450,36900,37000,37000,1503274
2014-03-14,36600,37200,36400,36800,36800,902750
2014-03-17,36650,37100,36500,36800,36800,988369
2014-03-18,37200,37250,36600,36700,36700,1203098
2014-03-19,37000,37300,36850,36850,36850,751904
2014-03-20,36750,36750,35850,36000,36000,1239723
2014-03-21,36200,36450,35900,36150,36150,1385701
2014-03-24,36150,36550,35850,36250,36250,1400057
2014-03-25,36150,36300,35850,36100,36100,1350767
2014-03-26,36500,37300,36400,37250,37250,1699849
2014-03-27,37250,37400,36950,37100,37100,800235
2014-03-28,37100,37550,36700,37300,37300,1127015
2014-03-31,37300,37500,36850,37250,37250,1162083
2014-04-01,37300,37600,37200,37550,37550,1427056
2014-04-02,37450,37650,37400,37550,37550,1001504
2014-04-03,37350,37500,36550,36900,36900,1672305
2014-04-04,36750,37200,36750,37050,37050,1088094
2014-04-07,36650,36850,36600,36700,36700,768068
2014-04-08,36550,37050,36550,37000,37000,596395
2014-04-09,36850,37700,36800,37450,37450,1377148
2014-04-10,37700,37850,37450,37800,37800,990033
2014-04-11,37300,37550,37200,37350,37350,834574
2014-04-14,37300,37550,37150,37450,37450,515905
2014-04-15,37550,37650,37000,37000,37000,798766
2014-04-16,36900,37150,36750,37000,37000,519331
2014-04-17,37200,37350,36500,36950,36950,878323
2014-04-18,36950,37150,36900,37000,37000,537896
2014-04-21,36900,37000,36700,36900,36900,310430
2014-04-22,36750,36950,36200,36300,36300,1575304
2014-04-23,36550,36550,36150,36150,36150,877847
2014-04-24,36250,36300,36000,36150,36150,639515
2014-04-25,36100,36250,35750,35800,35800,982941
2014-04-28,35550,35600,35000,35050,35050,2219925
2014-04-29,35050,35150,34800,34950,34950,1227820
2014-04-30,35300,35500,35050,35200,35200,1056887
2014-05-02,35500,35550,35100,35300,35300,661200
2014-05-07,36000,36000,34800,34800,34800,934002
2014-05-08,34850,35450,34600,35400,35400,1213264
2014-05-09,35050,35600,35000,35550,35550,495924
2014-05-12,35600,35650,35150,35500,35500,601743
2014-05-13,35700,36050,35450,35950,35950,757332
2014-05-14,36300,37000,36100,37000,37000,1737031
2014-05-15,36900,37300,36600,36950,36950,1224592
2014-05-16,36850,37000,36650,36950,36950,688355
2014-05-19,37050,37200,36650,37100,37100,935631
2014-05-20,36900,37000,36300,36750,36750,1135716
2014-05-21,36600,36650,35200,35400,35400,2573758
2014-05-22,35550,35950,35450,35800,35800,1129794
2014-05-23,35800,36200,35500,35700,35700,1021830
2014-05-26,35700,35800,35300,35500,35500,754638
2014-05-27,35700,35750,35000,35150,35150,945854
2014-05-28,35350,35450,35100,35300,35300,912271
2014-05-29,35400,35400,35050,35200,35200,643214
2014-05-30,35100,35350,34750,34750,34750,1165128
2014-06-02,34750,35000,34500,34650,34650,856386
2014-06-03,34550,34600,34000,34300,34300,1453849
2014-06-05,34600,34600,34250,34400,34400,1171735
2014-06-09,34700,35450,34650,35050,35050,1139461
2014-06-10,35400,35800,35250,35350,35350,1322586
2014-06-11,35600,35600,34900,35500,35500,1124993
2014-06-12,35850,36100,35250,35800,35800,1584334
2014-06-13,35750,35750,35050,35100,35100,805043
2014-06-16,34900,35100,34550,35000,35000,799311
2014-06-17,34800,35050,34550,34600,34600,1095462
2014-06-18,34450,34600,34300,34500,34500,625113
2014-06-19,34650,34950,34550,34700,34700,671080
2014-06-20,34750,35100,34150,34200,34200,1046050
2014-06-23,34400,34650,34300,34400,34400,695987
2014-06-24,34350,35400,34350,35200,35200,1105062
2014-06-25,35150,35250,34850,34850,34850,565398
2014-06-26,35050,35250,34850,35100,35100,777504
2014-06-27,35250,35450,35100,35450,35450,796957
2014-06-30,35150,35350,34950,35200,35200,758389
2014-07-01,35000,35150,34600,34850,34850,759850
2014-07-02,35000,35100,34800,34850,34850,580509
2014-07-03,35000,35100,34600,34650,34650,631129
2014-07-04,34950,35000,34600,34650,34650,528475
2014-07-07,34750,35550,34750,35200,35200,1223857
2014-07-08,35200,35550,34850,35400,35400,819011
2014-07-09,35700,35900,35350,35850,35850,1396812
2014-07-10,36050,36100,35650,35700,35700,634960
2014-07-11,35400,35450,35000,35450,35450,664672
2014-07-14,35450,35500,35000,35050,35050,621270
2014-07-15,35300,35700,35200,35650,35650,1063928
2014-07-16,35900,36050,35600,35700,35700,882132
2014-07-17,36000,36450,35800,36250,36250,1232849
2014-07-18,35950,36150,35650,35900,35900,570221
2014-07-21,36100,36150,35550,35950,35950,751206
2014-07-22,35800,36200,35750,36150,36150,523566
2014-07-23,36400,36850,36350,36800,36800,1370962
2014-07-24,36800,36850,36250,36400,36400,775647
2014-07-25,36550,36900,36500,36750,36750,933635
2014-07-28,37000,38800,36900,38600,38600,3431184
2014-07-29,38800,39950,38750,39600,39600,3893528
2014-07-30,40000,40500,39800,39900,39900,3005360
2014-07-31,40050,41000,40000,40200,40200,2553753
2014-08-01,40000,40600,39700,40200,40200,1918284
2014-08-04,40350,40500,39150,40000,40000,1080538
2014-08-05,40100,40800,39350,40100,40100,1368188
2014-08-06,40100,41200,40100,40800,40800,1449495
2014-08-07,40800,41200,40700,41050,41050,1213478
2014-08-08,41050,41500,40300,40900,40900,1536615
2014-08-11,41300,41300,40350,40700,40700,985196
2014-08-12,41000,41100,40550,40950,40950,1100771
2014-08-13,40950,41000,40300,40750,40750,809360
2014-08-14,40550,40900,40300,40850,40850,805160
2014-08-18,41000,41100,40600,40750,40750,780921
2014-08-19,40950,41200,40750,41050,41050,1117255
2014-08-20,41100,41200,40950,41100,41100,847305
2014-08-21,41000,41100,39000,39350,39350,1498075
2014-08-22,39750,40300,39600,40000,40000,908675
2014-08-25,40100,40500,39400,39900,39900,548191
2014-08-26,40350,41150,40150,41100,41100,1668966
2014-08-27,41000,42050,41000,42000,42000,1469675
2014-08-28,42300,42800,41250,41450,41450,1341537
2014-08-29,41150,41600,40450,41550,41550,1157308
2014-09-01,41750,41750,41050,41550,41550,390427
2014-09-02,41700,42350,41300,42150,42150,945342
2014-09-03,42200,43000,42100,43000,43000,1428528
2014-09-04,43250,43400,42300,42600,42600,1012096
2014-09-05,42000,42250,41250,41800,41800,975501
2014-09-11,42100,42100,40900,40900,40900,1523524
2014-09-12,41150,41400,40850,41150,41150,575655
2014-09-15,39950,39950,38800,39000,39000,3248802
2014-09-16,39000,39700,38950,39300,39300,1091531
2014-09-17,39200,40000,39150,40000,40000,1439836
2014-09-18,40350,40400,39800,39800,39800,767833
2014-09-19,40200,40350,39800,39800,39800,830798
2014-09-22,40100,40100,39300,39650,39650,464029
2014-09-23,39500,40150,39500,40000,40000,737491
2014-09-24,39900,40550,39650,40350,40350,941878
2014-09-25,40500,40500,39600,40100,40100,1282867
2014-09-26,39600,39700,38100,38400,38400,1733100
2014-09-29,38600,39250,38200,39200,39200,1045855
2014-09-30,39150,39200,38300,38550,38550,962754
2014-10-01,39300,39300,37200,37600,37600,1060285
2014-10-02,37150,37850,37000,37650,37650,1193268
2014-10-06,38150,38200,37600,38000,38000,2654949
2014-10-07,38400,38950,38100,38700,38700,904707
2014-10-08,38950,39300,38250,38700,38700,1001524
2014-10-10,38650,38650,37700,38350,38350,603378
2014-10-13,38300,38300,37650,38150,38150,698682
2014-10-14,38500,38500,37450,37900,37900,631214
2014-10-15,38300,38500,37750,38300,38300,916832
2014-10-16,37950,38450,37450,37900,37900,926967
2014-10-17,38500,38500,37350,37800,37800,866395
2014-10-20,38150,38500,37950,38500,38500,451375
2014-10-21,37950,38450,36850,37300,37300,1244674
2014-10-22,37750,38500,37250,38500,38500,753245
2014-10-23,38750,39700,38450,39100,39100,1698863
2014-10-24,39100,39750,38800,39400,39400,1060587
2014-10-27,40400,41650,40000,41050,41050,2118243
2014-10-28,41350,41400,40850,41150,41150,1027064
2014-10-29,41100,42350,41100,42350,42350,2127296
2014-10-30,42300,43250,41550,43000,43000,1497099
2014-10-31,42800,42800,41600,42000,42000,1206035
2014-11-03,41300,42450,41300,41800,41800,668149
2014-11-04,41200,42200,41000,41250,41250,1086728
2014-11-05,41700,42350,41450,41700,41700,1107306
2014-11-06,41700,41800,41150,41600,41600,565459
2014-11-07,41000,41450,40500,40550,40550,678489
2014-11-10,40800,40900,40150,40200,40200,1072580
2014-11-11,40400,40600,40150,40400,40400,606750
2014-11-12,40500,41250,40400,40550,40550,525757
2014-11-13,40650,40750,40000,40600,40600,354933
2014-11-14,40500,40500,39000,39300,39300,1354265
2014-11-17,39100,39800,39000,39750,39750,441069
2014-11-18,39750,39750,39050,39350,39350,834914
2014-11-19,39350,40100,39200,40000,40000,765493
2014-11-20,39700,39750,38600,39750,39750,1266461
2014-11-21,39500,39700,39150,39400,39400,459222
2014-11-24,39900,39950,39600,39850,39850,664764
2014-11-25,40000,40250,39700,39950,39950,1039912
2014-11-26,40200,40250,39650,39850,39850,401183
2014-11-27,39500,39600,38850,39200,39200,565713
2014-11-28,38650,39050,38650,38900,38900,544316
2014-12-01,38250,38550,38200,38400,38400,811848
2014-12-02,38100,38500,37850,38300,38300,711531
2014-12-03,38100,38900,38100,38400,38400,287818
2014-12-04,38400,39100,38400,39000,39000,456500
2014-12-05,38850,39000,38500,39000,39000,627567
2014-12-08,39100,39350,39000,39350,39350,566480
2014-12-09,39300,39300,38700,39050,39050,419290
2014-12-10,38400,39000,38150,38300,38300,924484
2014-12-11,38300,38300,37700,38050,38050,1084641
2014-12-12,38050,38550,37600,38450,38450,785828
2014-12-15,37700,37900,37200,37600,37600,908531
2014-12-16,37300,38000,37000,37800,37800,733075
2014-12-17,37500,37950,37450,37600,37600,535564
2014-12-18,38000,38500,37450,37950,37950,629113
2014-12-19,38500,38750,37950,38200,38200,554818
2014-12-22,38200,38400,37550,37800,37800,587067
2014-12-23,37850,37900,37450,37600,37600,734325
2014-12-24,37650,38800,37550,38800,38800,623264
2014-12-26,38600,39250,38550,38800,38800,516244
2014-12-29,38650,38750,37300,37350,37350,813606
2014-12-30,37650,37650,36050,36150,36150,1110792
2015-01-02,36150,36500,35800,36000,36000,787884
2015-01-05,36000,36300,35300,35400,35400,948722
2015-01-06,35000,35550,34800,35300,35300,694478
2015-01-07,35000,35350,34800,35000,35000,673972
2015-01-08,35000,36750,34900,36600,36600,1629176
2015-01-09,36900,37250,36650,36850,36850,811202
2015-01-12,36500,36700,35450,35750,35750,1212260
2015-01-13,35700,36250,35550,35900,35900,491812
2015-01-14,35900,36800,35750,36700,36700,891807
2015-01-15,36350,36750,35950,36550,36550,772981
2015-01-16,36550,36600,35650,36000,36000,944881
2015-01-19,35900,37050,35900,36500,36500,984714
2015-01-20,36600,37050,36600,36800,36800,516909
2015-01-21,37150,37300,36650,37250,37250,621765
2015-01-22,37350,37500,36900,37450,37450,583287
2015-01-23,37900,38250,37200,37450,37450,685358
2015-01-26,37600,38500,37450,38200,38200,879889
2015-01-27,38650,38700,37650,37800,37800,712349
2015-01-28,37500,37750,36400,36500,36500,1444760
2015-01-29,36350,37200,36200,37050,37050,846440
2015-01-30,37300,37400,36650,36800,36800,1213014
2015-02-02,37200,37400,36850,37200,37200,594348
2015-02-03,38200,38250,37550,37950,37950,1076017
2015-02-04,38450,38450,37900,38100,38100,654960
2015-02-05,37800,38050,36000,36350,36350,1753819
2015-02-06,36600,37500,36450,37500,37500,977407
2015-02-09,37500,37500,36450,36750,36750,700682
2015-02-10,37050,37200,36350,36950,36950,670900
2015-02-11,37400,37600,36850,37050,37050,963544
2015-02-12,37050,37350,36550,36800,36800,787853
2015-02-13,36800,37650,36750,37650,37650,760402
2015-02-16,37800,37900,37250,37550,37550,303162
2015-02-17,37300,38200,37300,38200,38200,705620
2015-02-23,38650,38750,38500,38650,38650,740025
2015-02-24,38250,38800,38250,38750,38750,708832
2015-02-25,38750,39400,38350,39200,39200,1037407
2015-02-26,39250,39750,38850,39700,39700,1100099
2015-02-27,39400,39650,38800,39000,39000,982720
2015-03-02,38650,39000,37550,37600,37600,1305776
2015-03-03,37850,38050,37500,37500,37500,973187
2015-03-04,37700,38150,37650,37850,37850,503605
2015-03-05,37700,38050,37300,37400,37400,547335
2015-03-06,37600,37650,36600,36700,36700,1092695
2015-03-09,36750,37100,36550,36800,36800,517550
2015-03-10,36850,37050,36800,36800,36800,381631
2015-03-11,36900,37150,36500,36650,36650,1140735
2015-03-12,36500,38600,36400,38150,38150,3031404
2015-03-13,38400,38450,37600,38200,38200,849344
2015-03-16,38150,38450,37750,38050,38050,555255
2015-03-17,38150,39000,37900,38800,38800,966724
2015-03-18,39000,39000,38500,38850,38850,731568
2015-03-19,39000,40000,38500,39650,39650,1489984
2015-03-20,39650,40000,39400,40000,40000,1107602
2015-03-23,40000,40400,39250,39900,39900,723215
2015-03-24,39900,39900,38650,38900,38900,1122565
2015-03-25,38550,38750,38000,38050,38050,1414482
2015-03-26,38400,39150,38050,39150,39150,1281864
2015-03-27,38750,38950,38100,38300,38300,919285
2015-03-30,39550,39700,38600,38850,38850,1105178
2015-03-31,39350,39450,39000,39300,39300,1002220
2015-04-01,39500,39500,38500,38600,38600,694282
2015-04-02,38400,38850,38400,38450,38450,762695
2015-04-03,38450,39300,38400,39000,39000,553282
2015-04-06,39000,39150,38350,38400,38400,467489
2015-04-07,38400,38650,37750,37850,37850,724341
2015-04-08,37550,37950,37500,37750,37750,823776
2015-04-09,37950,38050,36700,36800,36800,1482139
2015-04-10,36900,37900,36850,37750,37750,1041290
2015-04-13,37900,38300,37750,38300,38300,1328688
2015-04-14,38400,41000,38350,40500,40500,2491716
2015-04-15,40750,40850,39200,40000,40000,1187403
2015-04-16,39650,40700,39200,40300,40300,933713
2015-04-17,40300,40750,40150,40600,40600,1022485
2015-04-20,40200,41100,40000,40800,40800,943468
2015-04-21,41200,41200,40100,40600,40600,816789
2015-04-22,40100,40500,39650,39800,39800,868956
2015-04-23,40300,41200,39950,41000,41000,1537365
2015-04-24,41050,42800,40850,41650,41650,2112007
2015-04-27,41750,42100,40300,40300,40300,1216096
2015-04-28,40700,40950,40250,40550,40550,744668
2015-04-29,41000,41450,40600,41000,41000,939151
2015-04-30,41000,41250,40700,40950,40950,864834
2015-05-04,40950,42050,40800,41700,41700,1297585
2015-05-06,41950,42150,41250,41900,41900,1543539
2015-05-07,42000,42100,40600,41400,41400,1086084
2015-05-08,41050,41350,40500,40800,40800,904846
2015-05-11,40900,41200,40550,40600,40600,647767
2015-05-12,40650,41450,40600,41150,41150,911871
2015-05-13,40900,41800,40900,41500,41500,1230837
2015-05-14,41000,41500,40950,41100,41100,590190
2015-05-15,41700,42100,40700,40800,40800,509543
2015-05-18,40700,40900,40000,40450,40450,445909
2015-05-19,40400,41200,40150,40850,40850,774916
2015-05-20,41200,41200,40550,41000,41000,463170
2015-05-21,40750,40800,39700,39750,39750,1002716
2015-05-22,39900,41000,39750,41000,41000,904801
2015-05-26,40700,40900,39850,40100,40100,570888
2015-05-27,39500,40000,39050,39200,39200,1226265
2015-05-28,39200,39950,39050,39550,39550,828337
2015-05-29,38850,40250,38700,40250,40250,1990471
2015-06-01,40150,40200,39250,39450,39450,746821
2015-06-02,39200,40100,39200,39850,39850,684165
2015-06-03,40200,40200,39550,39750,39750,873655
2015-06-04,39350,39750,38700,38750,38750,969390
2015-06-05,38550,39100,38050,38350,38350,833195
2015-06-08,38350,39150,38100,39150,39150,529220
2015-06-09,38800,38950,38400,38850,38850,578103
2015-06-10,39000,40000,38800,39950,39950,934771
2015-06-11,39550,40550,39500,40000,40000,1188283
2015-06-12,40000,40000,38850,39050,39050,864381
2015-06-15,38400,38650,38150,38150,38150,752009
2015-06-16,38000,38400,37300,37300,37300,1268062
2015-06-17,37300,37500,37000,37200,37200,966303
2015-06-18,37200,37500,36950,37050,37050,633511
2015-06-19,37200,37250,36100,36150,36150,1455199
2015-06-22,36150,36750,36100,36500,36500,734289
2015-06-23,37000,38200,36900,37550,37550,892134
2015-06-24,37900,38050,37600,37850,37850,719364
2015-06-25,37850,37850,37300,37300,37300,924027
2015-06-26,37850,38200,37450,37700,37700,561647
2015-06-29,36900,37000,36550,36900,36900,859026
2015-06-30,36700,37050,36550,36900,36900,741426
2015-07-01,36700,37200,36600,36800,36800,608886
2015-07-02,36700,37000,36100,36200,36200,1183161
2015-07-03,36100,36700,35850,36200,36200,1257962
2015-07-06,35300,35600,35200,35500,35500,985217
2015-07-07,35550,35950,35450,35950,35950,706582
2015-07-08,36250,36250,35400,35400,35400,520417
2015-07-09,35350,35700,34900,35450,35450,796866
2015-07-10,35700,35750,35200,35600,35600,569599
2015-07-13,35500,36500,35350,36250,36250,830831
2015-07-14,36500,37050,36400,36550,36550,874831
2015-07-15,36550,37100,34850,35150,35150,2825458
2015-07-16,35250,35700,35050,35400,35400,1026678
2015-07-17,35850,35900,34400,34700,34700,1349139
2015-07-20,34700,35100,34500,34650,34650,672993
2015-07-21,34700,35300,34700,34950,34950,734583
2015-07-22,35000,35200,34700,34800,34800,588516
2015-07-23,35000,35150,34700,35050,35050,451720
2015-07-24,34950,35100,34050,34250,34250,868442
2015-07-27,34250,35650,33950,35600,35600,1277285
2015-07-28,35500,36150,35300,35750,35750,1727504
2015-07-29,35400,36000,35400,35700,35700,681682
2015-07-30,35800,36900,35750,36650,36650,1312563
2015-07-31,37050,37100,36100,36800,36800,1167883
2015-08-03,36950,37400,36450,37000,37000,940698
2015-08-04,37500,37900,37300,37800,37800,1459892
2015-08-05,37500,38000,36950,37100,37100,674774
2015-08-06,37350,37900,36850,36900,36900,698507
2015-08-07,37400,37400,36600,37150,37150,454157
2015-08-10,37250,38100,36850,37800,37800,1324486
2015-08-11,38050,38200,37600,37850,37850,1064816
2015-08-12,37950,37950,37150,37700,37700,874219
2015-08-13,37700,37700,36400,36400,36400,1199338
2015-08-17,35800,36900,35700,36400,36400,761281
2015-08-18,36350,37550,36300,37100,37100,722792
2015-08-19,37400,37900,37200,37200,37200,1322304
2015-08-20,36800,37100,36050,36600,36600,715944
2015-08-21,36900,36900,35600,36200,36200,1059142
2015-08-24,36450,36500,34250,34900,34900,1415091
2015-08-25,34500,35250,34250,34850,34850,1155035
2015-08-26,34300,34950,33200,34700,34700,1705649
2015-08-27,34800,35050,34300,34700,34700,1615522
2015-08-28,35200,36200,35050,36050,36050,1819187
2015-08-31,35800,35950,35250,35800,35800,1499048
2015-09-01,35300,35650,35050,35300,35300,822908
2015-09-02,34700,35650,34650,35500,35500,605732
2015-09-03,35600,35750,34650,34750,34750,1046776
2015-09-04,34600,34700,34350,34650,34650,615707
2015-09-07,34350,34650,34000,34200,34200,804146
2015-09-08,34050,34350,33950,34150,34150,400219
2015-09-09,34450,34950,34400,34950,34950,986041
2015-09-10,34600,35650,34500,35650,35650,907173
2015-09-11,35150,35300,34900,34900,34900,680462
2015-09-14,35000,35150,34600,34950,34950,564156
2015-09-15,35050,35050,34700,34850,34850,828924
2015-09-16,34900,35600,34900,35400,35400,1185057
2015-09-17,35800,35800,35350,35500,35500,1065145
2015-09-18,35150,35250,34450,34800,34800,1403757
2015-09-21,34650,35050,34350,35000,35000,758966
2015-09-22,35350,35400,34900,35350,35350,981762
2015-09-23,34950,35200,34650,34750,34750,856209
2015-09-24,34700,35000,34650,34900,34900,586428
2015-09-25,34850,34950,34600,34650,34650,622433
2015-09-30,34200,35250,33900,35250,35250,1603554
2015-10-01,35050,35300,34600,35300,35300,691737
2015-10-02,35400,35400,34650,34650,34650,741587
2015-10-05,34750,34900,34450,34650,34650,623455
2015-10-06,34750,35100,34550,34650,34650,497466
2015-10-07,34550,34850,34050,34250,34250,1276451
2015-10-08,34350,34800,34050,34800,34800,1579790
2015-10-12,34750,35450,34700,35300,35300,1492405
2015-10-13,35400,35500,35050,35500,35500,721307
2015-10-14,35400,35400,34800,34800,34800,639246
2015-10-15,34550,35250,34550,35000,35000,876757
2015-10-16,35350,35600,35100,35150,35150,820028
2015-10-19,35300,35450,35100,35450,35450,696266
2015-10-20,35450,36400,35350,36350,36350,1258716
2015-10-21,36200,36950,36150,36700,36700,936887
2015-10-22,36350,37000,36300,36750,36750,768173
2015-10-23,36900,36900,36200,36850,36850,697279
2015-10-26,37050,37250,36500,36800,36800,526120
2015-10-27,36800,36800,36300,36750,36750,451360
2015-10-28,36750,36750,35850,36150,36150,641127
2015-10-29,35900,36300,35550,35650,35650,770682
2015-10-30,35800,36400,35700,36150,36150,1137794
2015-11-02,36000,36300,35500,36000,36000,771236
2015-11-03,36050,36800,35750,36700,36700,671422
2015-11-04,36750,36900,36300,36550,36550,431708
2015-11-05,36350,36750,36000,36750,36750,545668
2015-11-06,36900,37250,36300,36400,36400,533567
2015-11-09,36750,37100,36300,36950,36950,699429
2015-11-10,36750,36750,36000,36050,36050,727619
2015-11-11,35900,36150,35800,35900,35900,436892
2015-11-12,36050,36500,35650,36350,36350,524139
2015-11-13,35700,36150,35200,35200,35200,802740
2015-11-16,34250,34900,34250,34600,34600,956037
2015-11-17,35000,35100,34650,34650,34650,412547
2015-11-18,34700,35350,34450,35350,35350,988248
2015-11-19,35500,36000,35450,35700,35700,773768
2015-11-20,34950,35500,34950,35250,35250,571074
2015-11-23,35500,35600,35150,35350,35350,387443
2015-11-24,35300,35700,35150,35600,35600,871939
2015-11-25,35350,35500,35100,35250,35250,509255
2015-11-26,35400,35750,35250,35750,35750,469547
2015-11-27,35850,35950,35600,35850,35850,552861
2015-11-30,36000,36000,35100,35250,35250,1573868
2015-12-01,35200,35650,35050,35600,35600,624869
2015-12-02,35400,35550,35050,35100,35100,472117
2015-12-03,35300,35300,34700,34850,34850,405721
2015-12-04,34750,34900,34500,34700,34700,541945
2015-12-07,34850,34900,34450,34450,34450,476642
2015-12-08,34500,34750,34300,34400,34400,507016
2015-12-09,34450,34650,34250,34300,34300,602837
2015-12-10,34200,34800,33950,34700,34700,1069453
2015-12-11,34400,34650,34300,34550,34550,454213
2015-12-14,34300,34500,33900,34200,34200,5618854
2015-12-15,34150,34350,33650,33900,33900,907671
2015-12-16,34300,34650,34000,34500,34500,1009131
2015-12-17,34650,34800,33900,34150,34150,1326580
2015-12-18,33800,34200,33800,33850,33850,1361500
2015-12-21,33950,34450,33900,34050,34050,703825
2015-12-22,34050,34150,33700,33950,33950,998516
2015-12-23,33950,34250,33850,34200,34200,2407250
2015-12-24,34350,34450,34050,34050,34050,782461
2015-12-28,34150,34350,33900,33900,33900,880292
2015-12-29,33350,33550,33300,33350,33350,663129
2015-12-30,33500,33650,33050,33150,33150,582405
2016-01-04,32900,33000,32150,32450,32450,1103462
2016-01-05,32500,33100,32500,32650,32650,561621
2016-01-06,32650,33050,32300,32450,32450,892513
2016-01-07,32350,32650,31900,32050,32050,707105
2016-01-08,31800,32250,31550,32100,32100,671998
2016-01-11,31700,31900,31550,31600,31600,493349
2016-01-12,31850,32000,31650,31650,31650,555907
2016-01-13,31750,32450,31700,32300,32300,444544
2016-01-14,31800,31800,30800,31000,31000,1302014
2016-01-15,31050,31350,29900,30000,30000,1312513
2016-01-18,29750,30400,29650,30150,30150,829115
2016-01-19,30100,30150,29100,29350,29350,1426810
2016-01-20,29250,29400,28200,28300,28300,1380337
2016-01-21,28400,29050,28350,28400,28400,1057400
2016-01-22,28700,29600,28700,29100,29100,948592
2016-01-25,29700,30200,29500,29650,29650,725570
2016-01-26,29000,29150,28600,29000,29000,904169
2016-01-27,29300,29750,29150,29750,29750,829037
2016-01-28,29450,30450,29300,30300,30300,930742
2016-01-29,30000,30550,29850,30550,30550,909185
2016-02-01,30150,30850,29700,29900,29900,1447280
2016-02-02,30100,30100,29350,29350,29350,887067
2016-02-03,28900,28900,28250,28450,28450,1554437
2016-02-04,28400,29050,28400,28700,28700,1518417
2016-02-05,28750,29950,28300,29350,29350,3450464
2016-02-11,28200,29050,28100,28700,28700,3400136
2016-02-12,28300,28650,27600,28400,28400,2671335
2016-02-15,29050,29950,28900,29650,29650,1845054
2016-02-16,29800,30000,28900,29500,29500,1369727
2016-02-17,29500,31400,29500,31300,31300,2441873
2016-02-18,31200,31600,30500,30650,30650,1532672
2016-02-19,30500,30750,29750,30300,30300,1275000
2016-02-22,30100,30450,29850,30100,30100,929686
2016-02-23,30400,30700,30100,30100,30100,778331
2016-02-24,30000,30450,29950,30250,30250,465636
2016-02-25,30300,30450,29400,29850,29850,1111874
2016-02-26,30050,30450,29950,30000,30000,1013165
2016-02-29,30050,30450,29700,29700,29700,1445937
2016-03-02,30200,30350,29950,30200,30200,1282015
2016-03-03,30400,30900,30150,30800,30800,1894486
2016-03-04,30850,31900,30650,31800,31800,1418793
2016-03-07,32150,32900,32050,32150,32150,1828569
2016-03-08,32200,32350,31250,31750,31750,956455
2016-03-09,31750,32200,31500,31900,31900,638711
2016-03-10,31900,32200,31550,31950,31950,1116674
2016-03-11,32500,32500,32050,32300,32300,849473
2016-03-14,32950,33200,32700,32750,32750,1135753
2016-03-15,32500,32700,32000,32300,32300,820220
2016-03-16,32250,32750,32150,32650,32650,716895
2016-03-17,32500,33000,32250,32400,32400,889841
2016-03-18,32600,32950,32350,32800,32800,961903
2016-03-21,32750,33050,32550,32700,32700,713349
2016-03-22,32650,32850,32500,32800,32800,762216
2016-03-23,32750,32950,32650,32700,32700,667865
2016-03-24,32500,32550,31800,32100,32100,885431
2016-03-25,31850,32000,31350,31750,31750,589649
2016-03-28,31450,32100,31450,32000,32000,451149
2016-03-29,32100,32600,32100,32350,32350,766115
2016-03-30,32200,32250,31550,31850,31850,841410
2016-03-31,31900,32300,31600,31850,31850,1279256
2016-04-01,32450,32650,31700,32150,32150,2001720
2016-04-04,32000,32400,31700,32150,32150,904009
2016-04-05,31800,33050,31800,32550,32550,1030286
2016-04-06,32400,33050,32400,32800,32800,924102
2016-04-07,32900,33100,32800,32950,32950,851963
2016-04-08,32650,32900,32000,32750,32750,744026
2016-04-11,32500,32750,31800,32200,32200,675391
2016-04-12,32000,32450,31800,32150,32150,673426
2016-04-14,32650,33650,32650,33650,33650,2376739
2016-04-15,33850,34300,33600,34200,34200,1746143
2016-04-18,33600,34500,33600,34250,34250,1107801
2016-04-19,34250,35150,34250,34500,34500,945586
2016-04-20,34850,35100,34650,34800,34800,736510
2016-04-21,35000,35450,34850,35400,35400,966479
2016-04-22,35550,36150,35350,35900,35900,1645260
2016-04-25,35900,36600,35550,36500,36500,1110006
2016-04-26,35900,36200,35500,35700,35700,1101442
2016-04-27,35300,36250,35200,35650,35650,1207171
2016-04-28,36050,36050,34950,35250,35250,1059990
2016-04-29,35250,35250,34350,34800,34800,1009891
2016-05-02,34400,34750,34000,34100,34100,900767
2016-05-03,34100,34550,33750,33950,33950,962139
2016-05-04,33650,33900,33150,33500,33500,988306
2016-05-09,33550,33600,32800,33450,33450,905311
2016-05-10,33250,33700,33250,33650,33650,578315
2016-05-11,33750,34000,33400,33700,33700,587948
2016-05-12,33700,33900,33200,33350,33350,594668
2016-05-13,33150,33700,33150,33250,33250,652052
2016-05-16,33050,33550,32900,33100,33100,864056
2016-05-17,33250,33650,33200,33400,33400,607303
2016-05-18,32750,33100,32500,32900,32900,846568
2016-05-19,33050,34350,33050,33800,33800,1029642
2016-05-20,33850,33900,33250,33600,33600,611022
2016-05-23,33600,33600,33000,33200,33200,463928
2016-05-24,33150,33300,33000,33050,33050,478448
2016-05-25,33750,34300,33650,34150,34150,739409
2016-05-26,34550,34550,33750,33900,33900,423674
2016-05-27,34000,34400,33650,33650,33650,770653
2016-05-30,33400,33650,32700,33350,33350,860223
2016-05-31,33050,34350,33000,34100,34100,1647794
2016-06-01,33950,34350,33550,33800,33800,818892
2016-06-02,33850,34350,33450,33900,33900,669095
2016-06-03,33650,34050,33650,33800,33800,585101
2016-06-07,33850,34150,33650,33750,33750,844460
2016-06-08,33550,34650,33550,34650,34650,983384
2016-06-09,34450,35900,34400,35500,35500,1612991
2016-06-10,35250,35600,34950,35000,35000,944779
2016-06-13,34550,34900,33900,34200,34200,736233
2016-06-14,33900,34600,33850,34150,34150,709937
2016-06-15,33900,34050,33100,33100,33100,825968
2016-06-16,33250,33550,33000,33250,33250,477281
2016-06-17,33400,33800,33150,33250,33250,622811
2016-06-20,34000,34500,33700,34300,34300,535612
2016-06-21,33850,34150,33500,33600,33600,461274
2016-06-22,33750,34500,33600,34100,34100,601653
2016-06-23,33800,34650,33800,34450,34450,557214
2016-06-24,34950,35000,32650,33150,33150,1659363
2016-06-27,32000,33100,32000,32350,32350,1589258
2016-06-28,31600,32300,31150,32300,32300,1181026
2016-06-29,32650,32850,32150,32700,32700,574611
2016-06-30,33350,33350,32400,32600,32600,792335
2016-07-01,32700,33000,32600,32850,32850,426818
2016-07-04,32800,32950,32500,32600,32600,415412
2016-07-05,32450,32800,32350,32600,32600,435670
2016-07-06,32300,32650,31700,31850,31850,978976
2016-07-07,32100,32350,31800,32200,32200,351600
2016-07-08,31900,32100,31500,31800,31800,1412601
2016-07-11,32250,32350,31850,32150,32150,669612
2016-07-12,32200,33000,32050,33000,33000,736590
2016-07-13,32850,33450,32850,33400,33400,772604
2016-07-14,33600,33600,32950,33350,33350,539303
2016-07-15,33350,34150,33350,34150,34150,1151072
2016-07-18,33900,34250,33600,34100,34100,473033
2016-07-19,34200,34550,33950,34550,34550,666781
2016-07-20,34250,34350,33550,34100,34100,736784
2016-07-21,34150,34600,34100,34350,34350,431189
2016-07-22,35300,35500,34900,35300,35300,1317618
2016-07-25,35300,36750,35250,36750,36750,1850792
2016-07-26,36200,36550,35800,36550,36550,3310594
2016-07-27,36250,36750,36200,36350,36350,805079
2016-07-28,36200,36350,35450,35800,35800,729555
2016-07-29,35450,35800,35150,35200,35200,764372
2016-08-01,35200,35850,35100,35650,35650,739538
2016-08-02,35300,35400,34800,35200,35200,501684
2016-08-03,36050,36200,34850,35300,35300,1530115
2016-08-04,35500,35800,35050,35500,35500,781565
2016-08-05,35400,36300,35400,36200,36200,792221
2016-08-08,36650,37500,36250,37400,37400,1993745
2016-08-09,37400,38050,37050,38000,38000,1418098
2016-08-10,37800,38200,37600,37900,37900,1165553
2016-08-11,37700,37850,37250,37650,37650,804055
2016-08-12,37700,38150,37500,37700,37700,935917
2016-08-16,37800,38000,37500,37600,37600,670740
2016-08-17,37550,37600,36950,37400,37400,747528
2016-08-18,37150,37500,36850,37200,37200,707673
2016-08-19,37100,37400,36900,37200,37200,654877
2016-08-22,37200,37350,36700,37100,37100,579085
2016-08-23,37150,37550,36900,37300,37300,606948
2016-08-24,36950,37200,36450,36850,36850,733505
2016-08-25,37450,38100,37100,38100,38100,1263432
2016-08-26,37750,37900,37150,37350,37350,917423
2016-08-29,37700,38750,37350,38400,38400,2027132
2016-08-30,38550,38850,38200,38750,38750,986991
2016-08-31,38750,38900,38250,38900,38900,1276616
2016-09-01,38600,39700,38450,39550,39550,1109051
2016-09-02,39300,39450,38700,39000,39000,731762
2016-09-05,39050,39800,38950,39750,39750,559715
2016-09-06,39650,39700,39100,39500,39500,625461
2016-09-07,39500,40000,39300,39900,39900,597987
2016-09-08,39900,39900,39400,39400,39400,753947
2016-09-09,39100,40200,39100,39750,39750,845945
2016-09-12,39500,39800,39300,39300,39300,760925
2016-09-13,39500,39500,38150,38350,38350,1194869
2016-09-19,37550,38450,37250,38400,38400,1288939
2016-09-20,38300,38500,37800,38500,38500,791929
2016-09-21,38100,38900,38000,38900,38900,748268
2016-09-22,38700,39100,38450,38550,38550,924546
2016-09-23,38850,38950,38600,38950,38950,831099
2016-09-26,38900,38900,38500,38650,38650,451174
2016-09-27,38300,38850,38050,38650,38650,767273
2016-09-28,38150,38600,38150,38250,38250,984983
2016-09-29,38300,38550,38000,38000,38000,927586
2016-09-30,37650,38350,37450,37850,37850,1025908
2016-10-04,38550,38550,38050,38400,38400,1170024
2016-10-05,37850,38300,37800,38100,38100,810212
2016-10-06,38100,38750,37900,38750,38750,1216141
2016-10-07,38250,38500,38000,38400,38400,932552
2016-10-10,38600,39400,38300,39200,39200,1125830
2016-10-11,39650,40000,39400,40000,40000,1160461
2016-10-12,40050,40100,39450,39500,39500,1126605
2016-10-13,39400,39500,38900,38950,38950,1057340
2016-10-14,39000,39950,38800,39150,39150,2226264
2016-10-17,39950,40200,39750,39800,39800,1206420
2016-10-18,40050,41500,39950,41200,41200,1888593
2016-10-19,40850,41750,40750,41100,41100,1458298
2016-10-20,41150,41950,41050,41700,41700,1081806
2016-10-21,42500,42700,42000,42400,42400,1424402
2016-10-24,42650,43350,42350,43350,43350,1025361
2016-10-25,42750,43950,42700,43900,43900,1144229
2016-10-26,43750,43800,42450,42950,42950,971668
2016-10-27,43150,43650,42100,42800,42800,635121
2016-10-28,42050,43100,41850,41950,41950,1352349
2016-10-31,42200,43200,42100,42300,42300,1245175
2016-11-01,42250,42500,41300,41950,41950,1202041
2016-11-02,41300,41650,40850,41000,41000,1525792
2016-11-03,41000,41350,40650,41000,41000,1258303
2016-11-04,40900,41000,40350,40400,40400,1068796
2016-11-07,40800,41150,40450,40850,40850,891322
2016-11-08,41200,41400,40650,40650,40650,938120
2016-11-09,40750,41850,39850,40650,40650,2082848
2016-11-10,41850,42350,41500,41950,41950,1612870
2016-11-11,42500,43350,42500,42500,42500,1484067
2016-11-14,42650,42850,41450,41900,41900,962273
2016-11-15,41750,42700,41050,41900,41900,1132853
2016-11-16,42550,42550,41200,41200,41200,858940
2016-11-17,40550,41000,40200,40500,40500,1052747
2016-11-18,40950,41350,40750,40800,40800,697345
2016-11-21,40550,40900,40250,40350,40350,635371
2016-11-22,40450,41400,40200,40750,40750,1003882
2016-11-23,40650,42200,40650,41850,41850,953312
2016-11-24,42200,42500,41600,41800,41800,776116
2016-11-25,42000,42350,41800,41950,41950,701075
2016-11-28,41700,42300,41100,41950,41950,798845
2016-11-29,41850,42350,41550,42050,42050,1006321
2016-11-30,41700,42550,41700,42100,42100,1533606
2016-12-01,42150,42550,41650,41850,41850,975296
2016-12-02,41900,42500,41750,42000,42000,893801
2016-12-05,41750,42100,41350,41400,41400,745829
2016-12-06,41750,41750,40550,40850,40850,1148800
2016-12-07,41250,42200,41250,41850,41850,1157242
2016-12-08,42500,44400,42450,44400,44400,2204792
2016-12-09,43800,44000,43300,43400,43400,1289134
2016-12-12,43450,43850,43450,43700,43700,511387
2016-12-13,44000,44000,42700,43100,43100,1107818
2016-12-14,43200,43450,42900,43050,43050,871643
2016-12-15,42950,43400,42350,42650,42650,963776
2016-12-16,43550,44200,43250,44100,44100,1814959
2016-12-19,43500,44700,43500,44250,44250,836887
2016-12-20,44050,44300,43650,44000,44000,598675
2016-12-21,44600,44650,44000,44000,44000,649606
2016-12-22,43600,44250,43500,44000,44000,557424
2016-12-23,43700,44100,43300,43550,43550,492399
2016-12-26,43550,43750,43350,43600,43600,474396
2016-12-27,43500,43750,43300,43400,43400,423516
2016-12-28,42500,43500,42400,43300,43300,750356
2016-12-29,43400,43450,42450,42800,42800,947076
2017-01-02,42800,43050,42250,42600,42600,345769
2017-01-03,42600,43750,42000,43700,43700,956685
2017-01-04,43900,44400,43450,44150,44150,831295
2017-01-05,44200,44200,42550,42800,42800,1128957
2017-01-06,43000,43000,42300,42650,42650,1338299
2017-01-09,42650,42700,42150,42400,42400,795293
2017-01-10,43000,43400,42650,43250,43250,1093427
2017-01-11,42700,43700,42700,43350,43350,912080
2017-01-12,43600,44100,43350,44100,44100,1011997
2017-01-13,43500,44300,43400,43850,43850,861598
2017-01-16,44100,45250,43950,45150,45150,1474423
2017-01-17,45300,46100,45100,45850,45850,1222286
2017-01-18,45400,46000,45100,45800,45800,611897
2017-01-19,45400,46200,45400,45550,45550,467486
2017-01-20,45300,45850,45300,45400,45400,587244
2017-01-23,45450,45800,44750,44750,44750,850590
2017-01-24,45000,45300,44600,45100,45100,757891
2017-01-25,45350,46500,45200,46300,46300,1306189
2017-01-26,46000,47400,45900,47200,47200,976654
2017-01-31,47250,48350,47000,47000,47000,1302205
2017-02-01,47500,48050,47000,47800,47800,933659
2017-02-02,47600,47800,46700,47350,47350,1106002
2017-02-03,47250,48200,47100,47550,47550,813522
2017-02-06,48500,48650,47850,47900,47900,795711
2017-02-07,48300,48300,47450,47950,47950,700508
2017-02-08,47500,48200,46750,47250,47250,1063559
2017-02-09,46900,47950,46900,47600,47600,768725
2017-02-10,47800,48100,47600,47800,47800,1167564
2017-02-13,48350,48350,47250,47950,47950,852633
2017-02-14,48100,48200,47650,48000,48000,793792
2017-02-15,48000,48150,46950,46950,46950,868180
2017-02-16,47400,47400,46550,46950,46950,914524
2017-02-17,47100,47800,47100,47300,47300,732670
2017-02-20,46800,47350,46800,47350,47350,793093
2017-02-21,47500,47700,46900,47550,47550,758533
2017-02-22,47600,47700,47200,47200,47200,592610
2017-02-23,46750,47750,46750,47650,47650,876252
2017-02-24,48000,48500,47550,47700,47700,1186040
2017-02-27,47750,48100,45800,45850,45850,1126840
2017-02-28,46300,47150,46100,46900,46900,1211585
2017-03-02,48850,48850,47850,48050,48050,1995223
2017-03-03,47750,48500,47150,47400,47400,1193588
2017-03-06,47400,47850,47200,47500,47500,1215440
2017-03-07,47300,48200,47300,47950,47950,777078
2017-03-08,48000,49000,47800,48900,48900,1360589
2017-03-09,48950,49300,48400,49000,49000,1246233
2017-03-10,48700,49300,48150,49000,49000,829185
2017-03-13,49800,50800,49550,50700,50700,2009382
2017-03-14,51200,51800,50800,51600,51600,1882487
2017-03-15,51600,51700,50300,51400,51400,990796
2017-03-16,51000,51700,50500,51700,51700,1656180
2017-03-17,51200,51900,51000,51900,51900,1025769
2017-03-20,51200,51500,50600,50900,50900,1746594
2017-03-21,51400,51400,49700,50600,50600,1351404
2017-03-22,50200,50400,49500,49700,49700,2082118
2017-03-23,49700,51100,49650,50300,50300,1352438
2017-03-24,50800,51500,49900,50200,50200,815290
2017-03-27,50000,50100,48700,49200,49200,1398604
2017-03-28,49450,49450,48400,49400,49400,773711
2017-03-29,50600,50700,49250,49900,49900,969592
2017-03-30,50200,50200,49100,49350,49350,720512
2017-03-31,49400,49800,48700,49000,49000,1269288
2017-04-03,48900,49300,48850,49200,49200,605875
2017-04-04,48700,49100,48350,48650,48650,648739
2017-04-05,48950,49350,48450,49000,49000,1261224
2017-04-06,48750,48950,48300,48700,48700,1021090
2017-04-07,48850,49200,47700,48600,48600,996991
2017-04-10,47650,48200,47300,47500,47500,922250
2017-04-11,47150,47550,47050,47400,47400,982525
2017-04-12,47200,47550,46700,47000,47000,1372658
2017-04-13,47200,48550,46650,48550,48550,1070780
2017-04-14,48100,48300,47800,48250,48250,375382
2017-04-17,50000,51000,49900,50400,50400,2192191
2017-04-18,50400,50500,49800,49850,49850,785755
2017-04-19,49450,50400,49200,50100,50100,969663
2017-04-20,49300,50500,49300,50000,50000,889865
2017-04-21,50500,51500,50200,50600,50600,1290050
2017-04-24,50600,51400,50100,51200,51200,845172
2017-04-25,50900,52000,50800,52000,52000,1340620
2017-04-26,52000,52100,51300,51400,51400,766514
2017-04-27,51100,52000,50100,51100,51100,757023
2017-04-28,48500,50400,48500,50100,50100,1009719
2017-05-02,50500,51600,50200,51300,51300,1075046
2017-05-04,51200,52300,51200,51900,51900,1015103
2017-05-08,53000,53500,51600,53500,53500,1965909
2017-05-10,54400,54900,52900,53000,53000,2126722
2017-05-11,53900,54000,53100,53900,53900,1636521
2017-05-12,54000,54100,52800,52900,52900,878725
2017-05-15,53400,54000,53000,54000,54000,653401
2017-05-16,54300,54700,53600,54000,54000,649650
2017-05-17,54200,54300,52500,53400,53400,841444
2017-05-18,52100,53200,52000,52900,52900,1191651
2017-05-19,52600,53400,52400,52900,52900,1176932
2017-05-22,53400,53400,52500,52900,52900,1043988
2017-05-23,54000,54500,53600,53900,53900,1526302
2017-05-24,54200,54300,53000,53200,53200,754106
2017-05-25,53500,53900,53100,53800,53800,877112
2017-05-26,54000,54500,54000,54500,54500,1462696
2017-05-29,54600,54600,53500,54000,54000,925869
2017-05-30,53500,54100,53300,53700,53700,724058
2017-05-31,53400,53600,52800,53600,53600,1613963
2017-06-01,52900,53200,52400,52600,52600,1019253
2017-06-02,52900,54000,52800,53900,53900,1075889
2017-06-05,54500,55200,53900,55000,55000,1719658
2017-06-07,55000,55400,54600,55400,55400,1313831
2017-06-08,55500,55800,55000,55700,55700,2197149
2017-06-09,55200,56200,55000,55900,55900,1167254
2017-06-12,56500,56900,55800,56300,56300,870522
2017-06-13,56500,56700,55200,55600,55600,562317
2017-06-14,55600,56400,55200,55700,55700,1062118
2017-06-15,55200,55900,54200,54900,54900,714613
2017-06-16,54900,55500,54400,55500,55500,938141
2017-06-19,55000,55800,55000,55600,55600,570138
2017-06-20,55100,55900,55000,55400,55400,628465
2017-06-21,55400,55400,53700,54200,54200,1257868
2017-06-22,54000,55000,53800,55000,55000,891609
2017-06-23,55200,55900,55100,55200,55200,981702
2017-06-26,55000,55500,54500,54900,54900,483785
2017-06-27,55000,55700,54800,54900,54900,702481
2017-06-28,55600,56400,55100,56300,56300,2091508
2017-06-29,56700,58600,56600,57800,57800,1204537
2017-06-30,57800,58100,57400,57700,57700,924570
2017-07-03,58100,58100,57100,57800,57800,826705
2017-07-04,58200,58700,57500,57800,57800,843615
2017-07-05,57700,57800,57000,57300,57300,812314
2017-07-06,57300,58300,57300,58100,58100,749870
2017-07-07,56800,57500,56500,56700,56700,9568439
2017-07-10,57000,57700,56900,57400,57400,1170186
2017-07-11,57500,57500,57000,57000,57000,1025680
2017-07-12,56800,57400,56700,57200,57200,1050342
2017-07-13,57100,57300,56500,56600,56600,1131594
2017-07-14,56800,57700,56800,57300,57300,1024307
2017-07-17,57400,57500,56900,57400,57400,702091
2017-07-18,57100,57500,57000,57400,57400,973501
2017-07-19,57500,57700,56000,56600,56600,1260308
2017-07-20,56800,57500,56700,57400,57400,760455
2017-07-21,58700,59800,58200,59800,59800,2680425
2017-07-24,59900,60200,59300,60200,60200,1256246
2017-07-25,60500,60500,59400,59600,59600,779498
2017-07-26,60300,60300,59500,60100,60100,895907
2017-07-27,60100,60100,58600,59700,59700,873595
2017-07-28,59000,59700,58500,58600,58600,802147
2017-07-31,58100,59400,57900,59400,59400,759828
2017-08-01,59400,60000,58700,59800,59800,917155
2017-08-02,60300,60300,58000,58200,58200,1415480
2017-08-03,57900,58200,56500,57300,57300,1711986
2017-08-04,58500,58500,57200,57700,57700,1059392
2017-08-07,58000,59200,57600,59000,59000,919186
2017-08-08,58800,59200,58300,58700,58700,513789
2017-08-09,58200,58600,57500,58000,58000,871713
2017-08-10,57300,58000,57100,58000,58000,876336
2017-08-11,57000,57100,55600,56400,56400,1525844
2017-08-14,56400,57400,56200,56800,56800,798994
2017-08-16,58400,58500,57000,57300,57300,783822
2017-08-17,57400,57500,56700,57000,57000,599562
2017-08-18,56100,57000,56100,56500,56500,448520
2017-08-21,56500,56800,55700,56200,56200,721598
2017-08-22,56000,56500,55700,56100,56100,603342
2017-08-23,56300,56600,56000,56600,56600,656173
2017-08-24,56100,56600,55500,55600,55600,958071
2017-08-25,55600,57200,55600,57200,57200,714261
2017-08-28,56600,57100,56100,57100,57100,558313
2017-08-29,56500,56800,55600,56400,56400,658208
2017-08-30,56600,57000,56400,56600,56600,575658
2017-08-31,56200,56300,55000,55400,55400,1195420
2017-09-01,55400,55800,54800,54900,54900,822388
2017-09-04,53800,54900,53700,53900,53900,774741
2017-09-05,54000,54200,50800,51100,51100,2245667
2017-09-06,50600,51500,49350,51100,51100,2645919
2017-09-07,51500,52400,51500,52000,52000,1223579
2017-09-08,52100,52200,51200,51800,51800,935084
2017-09-11,52000,53100,51600,52800,52800,1199315
2017-09-12,53100,53500,52800,53100,53100,713065
2017-09-13,53100,53400,52100,52800,52800,781050
2017-09-14,52300,53600,52000,53600,53600,1051118
2017-09-15,53400,54000,52600,54000,54000,856033
2017-09-18,53800,55300,53600,55000,55000,1269190
2017-09-19,55000,56000,55000,55600,55600,1208816
2017-09-20,55600,56100,55100,55600,55600,1163198
2017-09-21,55200,56700,55200,56000,56000,1018383
2017-09-22,56100,57500,56100,57100,57100,1070024
2017-09-25,57100,57200,55100,55400,55400,687501
2017-09-26,54700,54800,52500,54500,54500,1267939
2017-09-27,55000,55000,53100,54100,54100,905787
2017-09-28,54200,55400,53800,55400,55400,882209
2017-09-29,56000,57000,55500,56100,56100,1191108
2017-10-10,58900,59000,56900,57900,57900,1812422
2017-10-11,57900,58400,57200,57700,57700,1256959
2017-10-12,57700,59000,57500,58600,58600,1426185
2017-10-13,58300,58800,57700,58000,58000,687120
2017-10-16,57900,58500,56900,57100,57100,735202
2017-10-17,57400,58100,56800,57300,57300,628513
2017-10-18,56800,57300,56300,57000,57000,619231
2017-10-19,57500,58300,56400,57300,57300,1092797
2017-10-20,57300,57900,56500,57100,57100,574568
2017-10-23,56900,57400,56500,57400,57400,1222903
2017-10-24,57400,58600,56400,57700,57700,986787
2017-10-25,58200,59400,58100,59100,59100,1098729
2017-10-26,59500,59700,58400,58800,58800,681306
2017-10-27,58700,59200,58000,58900,58900,986077
2017-10-30,59200,59400,58800,59200,59200,685318
2017-10-31,59200,59200,57800,58400,58400,1028292
2017-11-01,57800,59200,57600,59000,59000,1626966
2017-11-02,59400,59400,58400,59100,59100,762432
2017-11-03,59100,60000,59100,59900,59900,779461
2017-11-06,59700,59800,57600,57800,57800,1187089
2017-11-07,57800,58500,57300,57900,57900,1050957
2017-11-08,57300,57900,57100,57400,57400,962624
2017-11-09,57500,57800,56700,57700,57700,985018
2017-11-10,57100,57700,56800,57400,57400,538656
2017-11-13,56900,57300,56300,56600,56600,621838
2017-11-14,56700,57300,56700,56800,56800,631826
2017-11-15,56500,57300,56100,57300,57300,741804
2017-11-16,57800,58300,57400,58000,58000,909572
2017-11-17,58400,58500,56500,56900,56900,1201136
2017-11-20,57000,57500,56600,57100,57100,794784
2017-11-21,57000,57100,55700,55800,55800,716932
2017-11-22,55800,56700,55800,56200,56200,708710
2017-11-23,56400,56900,56300,56700,56700,572964
2017-11-24,56400,56900,56300,56700,56700,720487
2017-11-27,57300,57900,57300,57500,57500,983176
2017-11-28,57700,59500,57600,58300,58300,1324758
2017-11-29,58800,59400,58400,59200,59200,904484
2017-11-30,59900,60200,58800,59900,59900,2284780
2017-12-01,59600,59800,58000,58300,58300,926368
2017-12-04,59000,60000,58900,60000,60000,927535
2017-12-05,60100,60300,59700,59900,59900,888643
2017-12-06,60400,60400,59900,60200,60200,835200
2017-12-07,60200,60500,59200,59200,59200,1336522
2017-12-08,59100,60100,59100,59500,59500,831476
2017-12-11,59200,59700,59000,59000,59000,765995
2017-12-12,59200,59400,58300,58300,58300,1096411
2017-12-13,58000,60900,58000,60800,60800,1319487
2017-12-14,60800,63000,60500,61400,61400,2709007
2017-12-15,61600,62800,61400,62600,62600,1321839
2017-12-18,62200,62600,61700,62300,62300,714933
2017-12-19,61900,63000,61800,62400,62400,801714
2017-12-20,61900,63000,61000,62800,62800,791993
2017-12-21,62900,63500,61800,61900,61900,1016727
2017-12-22,62600,63300,62300,62300,62300,667299
2017-12-26,63000,64000,62400,63800,63800,926002
2017-12-27,62100,63100,61400,63000,63000,720168
2017-12-28,63600,63600,62500,63400,63400,617834
2018-01-02,63900,63900,62400,63100,63100,576658
2018-01-03,62100,63500,62100,63100,63100,684227
2018-01-04,63400,63900,62800,63000,63000,674521
2018-01-05,63000,64400,63000,64100,64100,718208
2018-01-08,64500,67100,64300,66600,66600,1044425
2018-01-09,67400,67900,66400,67200,67200,943705
2018-01-10,67000,68100,66000,66000,66000,899922
2018-01-11,67600,68100,66600,67700,67700,1035915
2018-01-12,69200,69200,67500,67700,67700,926019
2018-01-15,67900,68900,67400,67600,67600,740957
2018-01-16,67600,67900,65800,65800,65800,992214
2018-01-17,66000,66600,65300,65400,65400,1370204
2018-01-18,66200,67100,65500,65700,65700,860775
2018-01-19,66100,67800,66100,67100,67100,1002996
2018-01-22,68000,68400,65700,65700,65700,917484
2018-01-23,65900,68600,65900,68600,68600,899249
2018-01-24,68000,68500,67300,67500,67500,724918
2018-01-25,67100,67900,66500,66600,66600,836419
2018-01-26,66300,67500,66000,67400,67400,933977
2018-01-29,67900,68300,67000,67200,67200,784099
2018-01-30,67000,67700,66600,66900,66900,911296
2018-01-31,66400,67500,64600,67300,67300,1206737
2018-02-01,66000,67000,65800,66100,66100,914632
2018-02-02,66100,66900,65300,66400,66400,998113
2018-02-05,67000,68000,66200,67700,67700,1414389
2018-02-06,66300,66400,63500,64200,64200,1777390
2018-02-07,64500,65100,63000,63100,63100,1164430
2018-02-08,63000,63400,61100,61400,61400,1651633
2018-02-09,60200,61700,60100,61000,61000,1374096
2018-02-12,62200,64500,61600,64300,64300,1222428
2018-02-13,64900,65200,63400,64200,64200,1535441
2018-02-14,64200,64900,63700,64800,64800,755164
2018-02-19,66000,67100,65600,66800,66800,774866
2018-02-20,66700,67000,66300,66700,66700,742233
2018-02-21,66400,66400,65100,65500,65500,1060667
2018-02-22,64600,65500,64300,64900,64900,940706
2018-02-23,65000,65400,64300,64700,64700,1109087
2018-02-26,64000,64600,63600,64100,64100,1775757
2018-02-27,64400,65100,64000,64000,64000,1464168
2018-02-28,63300,64300,63300,64000,64000,1210922
2018-03-02,64800,64800,62500,63500,63500,1052502
2018-03-05,64400,64400,62100,62200,62200,772379
2018-03-06,62300,63200,61800,62300,62300,849105
2018-03-07,61600,62300,60800,61500,61500,1339022
2018-03-08,62300,62500,61200,61800,61800,1707929
2018-03-09,62100,62800,61300,62500,62500,1221134
2018-03-12,63000,64400,62500,64000,64000,1006027
2018-03-13,62800,63300,61700,62200,62200,1337359
2018-03-14,61600,62300,61400,61600,61600,980826
2018-03-15,62100,62300,61200,61700,61700,1138304
2018-03-16,61800,63000,61600,62700,62700,1263256
2018-03-19,62700,63300,62000,62900,62900,683753
2018-03-20,62800,63600,62400,63600,63600,781270
2018-03-21,62700,63900,62700,63000,63000,721071
2018-03-22,64000,64400,63500,63900,63900,824838
2018-03-23,62100,62400,61500,61600,61600,997469
2018-03-26,61500,62000,60300,60800,60800,890658
2018-03-27,61200,61800,61000,61300,61300,670648
2018-03-28,60800,60900,59600,60100,60100,649298
2018-03-29,60600,61600,59900,61600,61600,894164
2018-03-30,61900,61900,60700,60700,60700,467647
2018-04-02,60400,61200,59300,59500,59500,697254
2018-04-03,59000,59000,56800,57800,57800,1418035
2018-04-04,58400,58400,56700,57600,57600,1226032
2018-04-05,58100,58500,57600,58100,58100,814095
2018-04-06,58300,58900,57900,58300,58300,801611
2018-04-09,57400,58000,56200,56600,56600,1295227
2018-04-10,56600,59000,56100,58600,58600,1470332
2018-04-11,58100,58900,57700,58500,58500,797376
2018-04-12,58700,59800,58600,59200,59200,749071
2018-04-13,59400,60600,59300,59900,59900,1002416
2018-04-16,59900,60300,58900,59800,59800,449026
2018-04-17,60600,60800,58900,59000,59000,702464
2018-04-18,58500,59300,58200,58900,58900,904335
2018-04-19,59300,60300,59200,60000,60000,1034416
2018-04-20,60700,61300,59900,60500,60500,1024315
2018-04-23,60100,61000,59400,60800,60800,932627
2018-04-24,61000,61600,60200,61300,61300,738714
2018-04-25,61400,61400,60100,60500,60500,780012
2018-04-26,61100,61100,60100,60100,60100,951919
2018-04-27,60000,61400,59800,59900,59900,1002918
2018-04-30,60300,61400,60200,61200,61200,596697
2018-05-02,60800,61200,60300,60700,60700,774626
2018-05-03,60800,61000,60000,60300,60300,475709
2018-05-04,59700,59800,58600,59200,59200,884383
2018-05-08,58300,59000,58100,58400,58400,1428139
2018-05-09,57900,58500,57100,58200,58200,1254153
2018-05-10,58100,59300,58000,58000,58000,945925
2018-05-11,58000,58500,57800,58200,58200,544837
2018-05-14,58000,58700,58000,58200,58200,593203
2018-05-15,58200,58300,57100,57300,57300,963720
2018-05-16,57700,57800,57200,57600,57600,637333
2018-05-17,57700,58100,57500,57600,57600,709917
2018-05-18,57400,57600,56000,56400,56400,945596
2018-05-21,56100,56500,55300,55900,55900,933470
2018-05-23,55000,55900,55000,55400,55400,1057821
2018-05-24,55900,56700,55800,56000,56000,1006400
2018-05-25,56300,56500,55300,55400,55400,802051
2018-05-28,55100,55900,54900,55100,55100,816560
2018-05-29,55000,55000,54300,54600,54600,784317
2018-05-30,53700,54500,52000,52400,52400,2116671
2018-05-31,53100,53100,51800,51800,51800,2297882
2018-06-01,52600,52800,52100,52300,52300,860865
2018-06-04,53000,54700,52800,54400,54400,1480544
2018-06-05,54700,55400,54400,55000,55000,1107743
2018-06-07,56700,57100,55900,56100,56100,1366695
2018-06-08,56100,56700,55700,56000,56000,1038272
2018-06-11,55800,57500,55800,57400,57400,1129584
2018-06-12,58000,58100,56700,56900,56900,1020141
2018-06-14,57000,57200,55600,56000,56000,1174871
2018-06-15,55900,55900,53800,55000,55000,1356778
2018-06-18,54500,56000,54500,55500,55500,788877
2018-06-19,53700,55400,53500,55100,55100,1041392
2018-06-20,55300,56600,54700,55100,55100,1081001
2018-06-21,54300,54300,52400,52700,52700,1321931
2018-06-22,52000,53100,51800,52900,52900,1358327
2018-06-25,53000,54800,52800,54500,54500,1188851
2018-06-26,54500,54600,53400,54100,54100,734500
2018-06-27,53600,54400,53600,54100,54100,1074730
2018-06-28,54000,54100,52200,52400,52400,1328080
2018-06-29,52000,53300,52000,52800,52800,1095368
2018-07-02,52800,53900,52500,52500,52500,1330986
2018-07-03,52600,52600,51000,52000,52000,1010755
2018-07-04,51600,52400,51300,51900,51900,475782
2018-07-05,52100,53400,51600,52700,52700,944053
2018-07-06,52800,54500,52700,54200,54200,1256470
2018-07-09,54100,55600,54000,55200,55200,1141287
2018-07-10,55300,55600,54400,54500,54500,856454
2018-07-11,53500,54000,52700,53800,53800,1096492
2018-07-12,53700,54400,52900,52900,52900,1121523
2018-07-13,53800,55700,53500,55300,55300,1019107
2018-07-16,54700,55300,53700,53900,53900,721376
2018-07-17,53900,55600,53900,55400,55400,741983
2018-07-18,55000,55300,54300,55200,55200,602105
2018-07-19,55700,55700,53500,53600,53600,614136
2018-07-20,54100,54500,53200,53900,53900,1069102
2018-07-23,53800,54400,53000,53900,53900,1259029
2018-07-24,53900,54100,53000,53400,53400,969354
2018-07-25,54000,54900,53800,54400,54400,831084
2018-07-26,54200,54600,53500,53500,53500,725256
2018-07-27,53900,54000,53400,53600,53600,348576
2018-07-30,53900,54300,53400,53900,53900,504022
2018-07-31,53800,54000,53300,53600,53600,577148
2018-08-01,54200,54700,53600,53900,53900,585389
2018-08-02,53500,53700,52200,52500,52500,832228
2018-08-03,52400,52900,51600,52800,52800,876918
2018-08-06,52600,53200,52500,53100,53100,445427
2018-08-07,52600,53400,52500,52800,52800,566872
2018-08-08,52600,53300,52500,52600,52600,4309708
2018-08-09,52700,52800,51800,51800,51800,1086497
2018-08-10,52000,52400,51700,51700,51700,968811
2018-08-13,51600,51900,50600,51100,51100,841431
2018-08-14,50600,50800,50100,50400,50400,1217110
2018-08-16,49950,50600,49400,50200,50200,1307362
2018-08-17,50400,51700,50200,51200,51200,1009340
2018-08-20,51600,51600,50900,51200,51200,697436
2018-08-21,50900,51800,50400,51300,51300,826333
2018-08-22,51300,51400,50600,50900,50900,591875
2018-08-23,51300,51400,50600,50800,50800,791012
2018-08-24,51100,51900,50900,51600,51600,629246
2018-08-27,51700,52900,51600,52800,52800,1098129
2018-08-28,52900,53500,52500,52700,52700,728498
2018-08-29,52600,53000,52300,52700,52700,429690
2018-08-30,52400,52500,51000,51400,51400,1075717
2018-08-31,50900,51800,50500,51700,51700,818847
2018-09-03,51600,51600,51000,51300,51300,643755
2018-09-04,51300,51700,51000,51400,51400,361822
2018-09-05,51100,51200,50200,50400,50400,721412
2018-09-06,50500,50900,50300,50500,50500,630119
2018-09-07,51000,51000,50300,50700,50700,874548
2018-09-10,51100,51500,50900,51000,51000,793512
2018-09-11,51000,51200,50600,51100,51100,718278
2018-09-12,51300,51400,51000,51400,51400,499800
2018-09-13,51600,52200,51300,52200,52200,1186254
2018-09-14,52100,52100,51100,51100,51100,1228435
2018-09-17,50900,51200,50200,50400,50400,702126
2018-09-18,50400,50800,50100,50300,50300,865899
2018-09-19,50300,50700,50100,50400,50400,834961
2018-09-20,50600,51800,50100,51500,51500,1474487
2018-09-21,52000,53400,51700,53200,53200,2076023
2018-09-27,53200,53700,52400,53700,53700,1388580
2018-09-28,54100,54500,53600,54200,54200,1204322
2018-10-01,55000,55900,54800,55600,55600,1263705
2018-10-02,54700,55700,54100,54500,54500,1056954
2018-10-04,54300,56500,54300,56100,56100,1952337
2018-10-05,55800,56700,55300,56200,56200,1243141
2018-10-08,56400,56400,55500,56000,56000,824054
2018-10-10,55500,55900,54800,55400,55400,1373781
2018-10-11,54600,55300,52200,52800,52800,1625520
2018-10-12,52700,52800,51000,52400,52400,1175478
2018-10-15,52400,53100,51400,52500,52500,839262
2018-10-16,53200,53400,51800,51900,51900,835652
2018-10-17,52600,53100,52100,52500,52500,632628
2018-10-18,51900,52500,51100,51400,51400,902989
2018-10-19,50900,51400,50600,51100,51100,963920
2018-10-22,51100,52500,51000,52400,52400,803343
2018-10-23,52400,52400,50600,51000,51000,962430
2018-10-24,51600,52400,50900,52100,52100,1153241
2018-10-25,51500,51500,50300,51300,51300,1271863
2018-10-26,51300,52300,50200,51000,51000,1494719
2018-10-29,51100,51800,50700,51600,51600,980448
2018-10-30,51000,51200,48600,48750,48750,1898563
2018-10-31,47650,48550,46750,47400,47400,3023645
2018-11-01,48000,48400,47450,47750,47750,1314243
2018-11-02,48100,49200,48100,49050,49050,1434411
2018-11-05,48750,48900,48050,48650,48650,986842
2018-11-06,48850,49000,48250,48550,48550,1089783
2018-11-07,48550,48950,47700,48000,48000,1030910
2018-11-08,48600,49550,48450,48450,48450,1594643
2018-11-09,48450,48800,47750,47800,47800,1499445
2018-11-12,47650,48100,47600,47700,47700,928705
2018-11-13,47100,47100,46650,47050,47050,1856795
2018-11-14,47100,47400,46850,47100,47100,805299
2018-11-15,47300,47750,47000,47100,47100,894635
2018-11-16,47300,47450,46950,47100,47100,754119
2018-11-19,47100,47500,46850,46900,46900,748173
2018-11-20,46800,47000,46600,46950,46950,1062472
2018-11-21,46600,46950,45900,46550,46550,2789375
2018-11-22,46700,46950,46200,46900,46900,599687
2018-11-23,47000,47200,46650,46850,46850,422526
2018-11-26,47150,47600,46900,47600,47600,956463
2018-11-27,47650,48550,47650,48350,48350,1253139
2018-11-28,48650,48650,47800,48350,48350,1040785
2018-11-29,48950,48950,48050,48500,48500,1771866
2018-11-30,48350,48650,46850,47200,47200,2075008
2018-12-03,47950,48400,46950,47200,47200,1297362
2018-12-04,47150,47950,47150,47950,47950,1370049
2018-12-05,47600,48100,47100,48000,48000,1159922
2018-12-06,48400,48400,47550,47750,47750,1559871
2018-12-07,47250,47750,47050,47050,47050,992891
2018-12-10,46700,46800,45000,45200,45200,1716296
2018-12-11,45000,45800,44200,45600,45600,1426122
2018-12-12,45700,47050,45350,46800,46800,1118014
2018-12-13,46800,47750,46450,47300,47300,2477305
2018-12-14,47450,48200,47300,47950,47950,996941
2018-12-17,48100,48900,48100,48200,48200,881088
2018-12-18,48350,49150,48200,48950,48950,1201882
2018-12-19,48700,48950,48100,48200,48200,1200873
2018-12-20,48400,49250,48350,48850,48850,1063384
2018-12-21,48650,48950,47850,48950,48950,1142006
2018-12-24,48400,49100,48200,48750,48750,606247
2018-12-26,48300,48700,47050,47800,47800,1203504
2018-12-27,46500,46550,45250,45450,45450,1336622
2018-12-28,45700,46500,45700,46500,46500,831292
2019-01-02,46700,46900,45600,45950,45950,636199
2019-01-03,46600,46800,46200,46450,46450,1275976
2019-01-04,46500,46600,45600,45650,45650,784105
2019-01-07,45800,46650,45450,45450,45450,957133
2019-01-08,45900,45950,45300,45500,45500,868450
2019-01-09,46050,46650,45800,46450,46450,885435
2019-01-10,46500,46500,45500,45500,45500,1195029
2019-01-11,45550,46100,45150,45350,45350,1077396
2019-01-14,45450,45850,44400,44550,44550,1189035
2019-01-15,45000,46750,44800,46750,46750,1317274
2019-01-16,46900,47700,46450,47450,47450,1091289
2019-01-17,47800,47850,47050,47600,47600,1035554
2019-01-18,47350,47400,46550,46700,46700,1054443
2019-01-21,46500,46700,46000,46100,46100,1451479
2019-01-22,45600,45800,45300,45750,45750,1365448
2019-01-23,45850,45850,45100,45350,45350,1495271
2019-01-24,45200,46100,45150,45900,45900,1454749
2019-01-25,45950,46300,45400,46300,46300,1134097
2019-01-28,46300,46500,45800,45800,45800,1176898
2019-01-29,45800,46150,45600,46100,46100,833608
2019-01-30,46400,46650,45700,46650,46650,1168147
2019-01-31,47100,48900,46800,48050,48050,2272775
2019-02-01,48300,49200,47850,48600,48600,1588876
2019-02-07,48350,48900,47800,48050,48050,1043128
2019-02-08,47750,48800,47750,48100,48100,1085970
2019-02-11,47150,47250,46250,46350,46350,1812863
2019-02-12,46000,46150,45350,45500,45500,2051271
2019-02-13,45700,46250,45500,46150,46150,1225411
2019-02-14,46050,46300,45800,46200,46200,1523586
2019-02-15,45900,46200,45600,46000,46000,909332
2019-02-18,46050,46450,46000,46100,46100,1069309
2019-02-19,46100,46300,45600,46050,46050,949358
2019-02-20,45650,46000,45400,45850,45850,2147317
2019-02-21,45600,46000,45550,45550,45550,1304635
2019-02-22,45250,45700,45050,45650,45650,1224088
2019-02-25,45300,45950,45300,45900,45900,1144645
2019-02-26,45700,45850,45200,45200,45200,1247125
2019-02-27,45000,45200,44600,44650,44650,1848899
2019-02-28,44650,44950,44350,44350,44350,2287543
2019-03-04,44700,44700,43000,43050,43050,3209919
2019-03-05,43150,43600,42900,43150,43150,1986371
2019-03-06,43100,43400,42600,43000,43000,1435691
2019-03-07,43000,43400,42850,43100,43100,1559210
2019-03-08,42750,42750,42100,42150,42150,1537928
2019-03-11,42300,43000,42050,42700,42700,1034318
2019-03-12,42600,43300,42400,42950,42950,1133832
2019-03-13,42750,42950,41800,42200,42200,1362044
2019-03-14,42500,43100,42350,42650,42650,2739374
2019-03-15,43000,44100,42950,43950,43950,3792820
2019-03-18,44000,44450,43950,44100,44100,902234
2019-03-19,43900,44050,43350,43850,43850,807169
2019-03-20,43550,43700,43300,43500,43500,911206
2019-03-21,43000,43600,42850,43000,43000,1825661
2019-03-22,42700,43050,42500,42500,42500,1366022
2019-03-25,41900,42000,41550,41550,41550,1083769
2019-03-26,41500,41950,41400,41400,41400,2145286
2019-03-27,41550,41900,41450,41450,41450,814740
2019-03-28,41500,41700,40650,40750,40750,1256501
2019-03-29,41200,41900,41000,41850,41850,1736030
2019-04-01,42600,44250,42500,44000,44000,2419101
2019-04-02,44500,45200,44400,45000,45000,2976350
2019-04-03,44400,45300,44200,45250,45250,1461779
2019-04-04,45300,45650,45250,45400,45400,965135
2019-04-05,45550,45550,44900,45300,45300,678943
2019-04-08,45400,45700,44950,45000,45000,851309
2019-04-09,44700,45150,44450,44800,44800,1255478
2019-04-10,44250,45200,43900,45200,45200,1560983
2019-04-11,45300,45350,44850,45200,45200,1482977
2019-04-12,45300,45600,44850,45450,45450,1097295
2019-04-15,45400,45850,45350,45700,45700,1072254
2019-04-16,45750,46350,45600,46300,46300,1647014
2019-04-17,46250,46400,45850,46150,46150,991897
2019-04-18,46650,46650,45450,45750,45750,1508436
2019-04-19,45850,46050,45300,45350,45350,697019
2019-04-22,45300,45800,45000,45200,45200,953032
2019-04-23,45550,45900,45150,45900,45900,803063
2019-04-24,46300,46350,45300,45350,45350,1270855
2019-04-25,46000,46000,45000,45750,45750,1304187
2019-04-26,45650,45700,45100,45400,45400,1277506
2019-04-29,45150,46450,44950,46450,46450,1041225
2019-04-30,46600,47150,45850,46200,46200,1146468
2019-05-02,47250,47300,46200,46700,46700,1203342
2019-05-03,46600,46950,46400,46600,46600,766198
2019-05-07,46250,46700,45900,46600,46600,1204127
2019-05-08,46600,47000,46300,46800,46800,1070248
2019-05-09,46350,47100,46100,46100,46100,1787627
2019-05-10,46700,46950,46050,46350,46350,894804
2019-05-13,46350,46650,45700,46200,46200,830103
2019-05-14,46150,46350,45800,46150,46150,1204699
2019-05-15,45800,46600,45600,46100,46100,1136454
2019-05-16,45600,46400,45600,46100,46100,1135195
2019-05-17,46100,46750,45700,45700,45700,1736880
2019-05-20,45800,46750,45800,46350,46350,741842
2019-05-21,46050,46700,46000,46400,46400,717963
2019-05-22,46350,46600,45650,46200,46200,918414
2019-05-23,45850,46400,45750,46150,46150,547525
2019-05-24,45650,46550,45650,46200,46200,1113939
2019-05-27,45900,46200,45600,45750,45750,642622
2019-05-28,45700,46000,45600,45800,45800,1874661
2019-05-29,46000,46000,44200,45150,45150,1160785
2019-05-30,44550,44950,44150,44650,44650,692488
2019-05-31,44150,44400,43700,43800,43800,969303
2019-06-03,44000,44700,43550,44550,44550,857652
2019-06-04,44950,45550,44500,45350,45350,1159959
2019-06-05,44900,45200,44300,44450,44450,1163113
2019-06-07,45300,45300,43700,44300,44300,999315
2019-06-10,44850,45150,44650,44900,44900,991755
2019-06-11,44200,44600,44100,44450,44450,3552216
2019-06-12,44400,45000,44400,44850,44850,1172607
2019-06-13,44700,44950,43950,44300,44300,1460261
2019-06-14,44500,44500,43900,44300,44300,804992
2019-06-17,44500,44550,43950,44300,44300,630695
2019-06-18,44300,44900,44300,44700,44700,696080
2019-06-19,45200,45800,45100,45750,45750,940765
2019-06-20,45600,46000,45350,45500,45500,967327
2019-06-21,45000,45750,45000,45350,45350,995127
2019-06-24,44900,45350,44550,45050,45050,695092
2019-06-25,45000,45400,44650,44950,44950,501520
2019-06-26,44950,45400,44500,45400,45400,625369
2019-06-27,45050,45900,44900,45750,45750,877190
2019-06-28,46000,46100,45750,45850,45850,756129
